3.570000000000000000e+02,5.352272748358608738e-04,5.357955774692986737e-07,1.291073829947710694e+00,0.000000000000000000e+00,2.688404336012029106e-02
2.610000000000000000e+02,5.354836778150666703e-04,5.069336947674370561e-07,1.291059754061060882e+00,3.840725128900768226e-03,1.728326308007011036e-02
1.390000000000000000e+02,5.358395288248095486e-04,4.847322255412540513e-07,1.303818745798211109e+00,1.920344125672102109e-03,1.728309713100451006e-02
2.350000000000000000e+02,5.359542409929944932e-04,9.753848461205707916e-07,1.222000961986523304e+00,9.600798786424391551e-04,1.728143781563051817e-02
3.500000000000000000e+01,5.361671434533443010e-04,4.566103485337576551e-07,1.343451663152489539e+00,9.601812822279676141e-04,2.880543846678351727e-02
1.480000000000000000e+02,5.370531374970078211e-04,5.283951017093226584e-07,1.278061317315144274e+00,9.601997215447077849e-04,2.496519276009578903e-02
8.300000000000000000e+01,5.371469987867490093e-04,1.425334751522169866e-06,1.175025107249429768e+00,1.344021504343650975e-02,4.800076801225738876e-03
1.270000000000000000e+02,5.377023412841722919e-04,5.846388518708888762e-07,1.263596203145257002e+00,1.920215064088459656e-03,1.728193557678503467e-02
2.420000000000000000e+02,5.379687820701901805e-04,1.251423162675535616e-06,1.119191470719032910e+00,2.400384061449489792e-02,5.760921747477443233e-03
6.200000000000000000e+01,5.382762305194390079e-04,5.135940728579815193e-07,1.295644910292288898e+00,0.000000000000000000e+00,2.688404336012029106e-02
2.840000000000000000e+02,5.383443286971337010e-04,5.357955425759759937e-07,1.290793499451919901e+00,0.000000000000000000e+00,2.688378523696410838e-02
9.800000000000000000e+01,5.390338926446914137e-04,1.073811337324669142e-06,1.111269000013440422e+00,2.592365004993046895e-02,4.800675935168197128e-03
1.000000000000000000e+01,5.390650308691499314e-04,4.321887151195714637e-07,1.190235560886444333e+00,4.129572541223813786e-02,2.304877697427709649e-02
8.500000000000000000e+01,5.391381491934196498e-04,3.863056791755519378e-07,1.314953454649874898e+00,9.602181615608884613e-04,1.824414506975680084e-02
1.000000000000000000e+00,5.393308488266759142e-04,3.914860015136757915e-07,1.388984688626885067e+00,9.601905017975198575e-04,2.496495304668000514e-02
1.590000000000000000e+02,5.399378695753091024e-04,4.691911854114707570e-07,1.268769621576749662e+00,1.920454763693069111e-03,1.728409287319321308e-02
8.100000000000000000e+01,5.399929703141159373e-04,1.159657060974380511e-06,1.174883202071135724e+00,1.920012288081363039e-03,2.112013516886168674e-02
3.050000000000000000e+02,5.401376076287303131e-04,5.254348887294898778e-07,1.282224544013240708e+00,1.920215064088459656e-03,1.728193557678503467e-02
1.260000000000000000e+02,5.405096301687012904e-04,1.471957796404966722e-06,1.145003314655094195e+00,1.439995392015225306e-02,3.839987712039860668e-03
2.060000000000000000e+02,5.405497526831997074e-04,5.439361413582487896e-07,1.168385300433054441e+00,2.304567845516913849e-02,2.016496864827299618e-02
2.050000000000000000e+02,5.408111874524486199e-04,1.371311097293241983e-06,1.174599027411640240e+00,1.248103842239611794e-02,3.840319514580858851e-03
3.000000000000000000e+01,5.410828858339848538e-04,1.316547492427494909e-06,1.185233933695560404e+00,1.344305426193015407e-02,2.880654484693767614e-03
1.880000000000000000e+02,5.410899391304084451e-04,4.913926683349506541e-07,1.254438329732240121e+00,7.681745292531516611e-03,2.112479955446167068e-02
1.310000000000000000e+02,5.414997988033227235e-04,6.112805029081958990e-07,1.290362465747577847e+00,0.000000000000000000e+00,2.688223660208821642e-02
2.400000000000000000e+01,5.416160833543089961e-04,5.010132048505568028e-07,1.168623248063829667e+00,2.496711063311174428e-02,2.208629017543817241e-02
3.900000000000000000e+01,5.416609341998807709e-04,1.338748953977496357e-06,1.082566463886367236e+00,2.880543846678351727e-02,8.641631540029504066e-03
4.020000000000000000e+02,5.418639754336761725e-04,1.092312500144957124e-06,1.134314128523928655e+00,1.248151775256056695e-02,4.800583750985687459e-03
3.530000000000000000e+02,5.419044244073453753e-04,5.254348692871087469e-07,1.274980983528207101e+00,1.920251937048700341e-03,1.728226743348271199e-02
1.410000000000000000e+02,5.421536806989411946e-04,5.646575156646503561e-07,1.315084039543906069e+00,9.600798786424391551e-04,1.152095854375367878e-02
5.700000000000000000e+01,5.421592556216954257e-04,6.186810518635263523e-07,1.123046688777983970e+00,7.681228996636590978e-03,1.632261161785830694e-02
4.320000000000000000e+02,5.421630093027681027e-04,1.055310150391450195e-06,1.141617983875273135e+00,1.536127805833453763e-02,5.760479271876839391e-03
3.080000000000000000e+02,5.421970609983015835e-04,5.557768746396163967e-07,1.276202857849351613e+00,2.880488530854208307e-03,1.536260549789281171e-02
2.120000000000000000e+02,5.423609579239966130e-04,9.258015346210565719e-07,1.277243826639266722e+00,3.840208907368580782e-03,5.760313361047320058e-03
3.860000000000000000e+02,5.424068677214007516e-04,1.107113562824949974e-06,1.097369197260245066e+00,9.601812822257471680e-03,7.681450257812638682e-03
3.890000000000000000e+02,5.424186389769646791e-04,7.637307533300725951e-07,1.249296586403601417e+00,9.600337931847668926e-04,1.536054069103398589e-02
3.390000000000000000e+02,5.424756401522901712e-04,1.029408436225777633e-06,1.122211886453992058e+00,6.720752724309608794e-03,1.152129038451965570e-02
2.830000000000000000e+02,5.425749258640695342e-04,1.138195621352860014e-06,1.083557947961918622e+00,2.208416949119884620e-02,6.721268975584671068e-03
1.130000000000000000e+02,5.426296444926260272e-04,4.092472053955139491e-07,1.250946469655916493e+00,9.602273818443141096e-03,1.824432025503419652e-02
3.950000000000000000e+02,5.426878281366315660e-04,7.422693249248905994e-07,1.299755300195269525e+00,1.920086019857603077e-03,9.600430099265810924e-03
3.190000000000000000e+02,5.427421751271304913e-04,1.160397000231665058e-06,1.140608895782680099e+00,1.536216299254933304e-02,2.880405561100918277e-03
1.730000000000000000e+02,5.428920424077981989e-04,7.689111066916689030e-07,1.316480819680345027e+00,9.600337931847668926e-04,8.640304138707310955e-03
9.000000000000000000e+01,5.429789898533824788e-04,1.326908171137224258e-06,1.084395498314747908e+00,2.592663721913135433e-02,5.761474937582278244e-03
6.400000000000000000e+01,5.430342696771297672e-04,1.308406792641227140e-06,1.167570724114879166e+00,1.056168987038086371e-02,3.840614498318295489e-03
1.650000000000000000e+02,5.430406033029326271e-04,6.675243155241561309e-07,1.105564403167041299e+00,2.400568454610230162e-02,2.304545716426131818e-02
2.200000000000000000e+02,5.433356808197494685e-04,4.477297238271778604e-07,1.302247077949037157e+00,2.880709806896142311e-03,1.824449544367556797e-02
3.610000000000000000e+02,5.433666242416090213e-04,5.557768647683644155e-07,1.255526937411904020e+00,6.720817251382182889e-03,1.536186800314975898e-02
2.130000000000000000e+02,5.433886741868442730e-04,9.591037466770663517e-07,1.210081645671807760e+00,9.601444057150132494e-04,9.601444057183439185e-03
1.810000000000000000e+02,5.434103770853820469e-04,7.437494276829653243e-07,1.332667056077304846e+00,1.920159757295980540e-03,7.680639029161717701e-03
2.390000000000000000e+02,5.434861107619495596e-04,1.007206919996124588e-06,1.128155842121492114e+00,9.601536245795738722e-03,9.601536245795738722e-03
4.300000000000000000e+02,5.435806951756435006e-04,1.251423008940516822e-06,1.097745965369218535e+00,2.400499303855108124e-02,5.761198329257144479e-03
1.540000000000000000e+02,5.438197379733201130e-04,9.879656576684165095e-07,1.209203799138725222e+00,9.601259685299012858e-04,9.601259685265706167e-03
7.900000000000000000e+01,5.439700549521057568e-04,1.543002413822652855e-06,1.086595252685405466e+00,1.920104453682069945e-02,8.640470041565428971e-03
9.400000000000000000e+01,5.439863767492040918e-04,9.672443020529925111e-07,1.117489707938425170e+00,1.728176965321015501e-02,2.112216290948154551e-02
3.720000000000000000e+02,5.440273254509129510e-04,9.235812722287621825e-07,1.171728338157769000e+00,8.641133716746907112e-03,9.601259685265706167e-03
4.600000000000000000e+01,5.443696107981897550e-04,1.005726833565270819e-06,1.120356527730879792e+00,2.688378523696410838e-02,1.056148705738113591e-02
2.600000000000000000e+02,5.444059977362733505e-04,1.161877093287169648e-06,1.207875845075039090e+00,8.640884826605077507e-03,3.840393256271390499e-03
2.440000000000000000e+02,5.445895504437532402e-04,1.054570018471656015e-06,1.111455413525886948e+00,9.601536245795738722e-03,5.760921747477443233e-03
3.150000000000000000e+02,5.446644743661018884e-04,9.798250557589280361e-07,1.219974758288070893e+00,9.600983140622965095e-04,1.152117976880306927e-02
3.030000000000000000e+02,5.446938844728213287e-04,9.983263580342234567e-07,1.192045077468031788e+00,9.600983140622965095e-04,1.248127808287646801e-02
3.500000000000000000e+02,5.447526135981021426e-04,8.088737640595748034e-07,1.189500701571585273e+00,9.601720628360510545e-04,1.248223681683535702e-02
3.620000000000000000e+02,5.447530423707025752e-04,7.837120324600469206e-07,1.148165439464039483e+00,6.720946309235475979e-03,1.536216299254933304e-02
4.070000000000000000e+02,5.447660935299079073e-04,5.639174255980114145e-07,1.128645162817983660e+00,3.552738969705426797e-02,2.304479331700637346e-02
3.250000000000000000e+02,5.447737073824083153e-04,1.022747972239334160e-06,1.219899071160432946e+00,1.920196628135695249e-03,8.640884826605077507e-03
2.160000000000000000e+02,5.447827444367911312e-04,1.027928286098388220e-06,1.125764968196367510e+00,2.784525718455554966e-02,5.761087693356703454e-03
1.500000000000000000e+02,5.448604622998911694e-04,8.384756819961754159e-07,1.330476905565882717e+00,9.599324207520965047e-04,1.055925662832857270e-02
7.100000000000000000e+01,5.448961175498934391e-04,1.137455466120835748e-06,1.202152385698157078e+00,9.599877121568844984e-04,2.399969280393321469e-02
2.180000000000000000e+02,5.449291717343290008e-04,9.028599670200350941e-07,1.250107030299961064e+00,9.600706612045151189e-04,1.056077727320525739e-02
6.000000000000000000e+01,5.450878605652052311e-04,6.764048239948765337e-07,1.241613044958223444e+00,9.600522268393696379e-04,2.496135789786801951e-02
1.840000000000000000e+02,5.451703746380308704e-04,4.388491050343727275e-07,1.273582152930696099e+00,7.681524014369056630e-03,1.824361953411957060e-02
4.060000000000000000e+02,5.451841061158185960e-04,8.125739426561773483e-07,1.147782474910912232e+00,6.720817251382182889e-03,1.536186800314975898e-02
1.520000000000000000e+02,5.453505638752866340e-04,9.539234009544101029e-07,1.111009813148048586e+00,2.208395744517366310e-02,2.112378538233761205e-02
1.050000000000000000e+02,5.453995235605456262e-04,3.870457071733429166e-07,1.255470858161101377e+00,1.248343544143493133e-02,1.824502102978353690e-02
3.130000000000000000e+02,5.454824532535012659e-04,8.192343617706971219e-07,1.186036693779719986e+00,1.056148705738113591e-02,5.760811122201836554e-03
3.580000000000000000e+02,5.455615567221544504e-04,5.002731824598319731e-07,1.260327976031208275e+00,1.920454763693069111e-03,1.824432025503419652e-02
3.270000000000000000e+02,5.455793124218611973e-04,1.010907104498831964e-06,1.146111004025714086e+00,1.056128425216407152e-02,5.760700501178384059e-03
2.520000000000000000e+02,5.456906972702711862e-04,9.132206308363531091e-07,1.134206059640590292e+00,5.760589884407085748e-03,1.248127808287646801e-02
4.340000000000000000e+02,5.457698271231314728e-04,1.178898323882621678e-06,1.162547494490548727e+00,9.600890962691011055e-04,1.152106915521811104e-02
2.090000000000000000e+02,5.458518251326917488e-04,8.133140495659454262e-07,1.113654079763999771e+00,2.400568454610230162e-02,1.152272858212510798e-02
1.950000000000000000e+02,5.459342335653042310e-04,1.321727766265910443e-06,1.170317096103773657e+00,1.919993856014379219e-03,5.759981568054239887e-03
1.340000000000000000e+02,5.461364562033550578e-04,4.477296973198200126e-07,1.304866177820082962e+00,2.880682145534052552e-03,1.824432025503419652e-02
4.900000000000000000e+01,5.462657246254821108e-04,7.888924324417386401e-07,1.115711502498150987e+00,2.496639139619727388e-02,1.152294987516455649e-02
3.020000000000000000e+02,5.464463189578202445e-04,1.298786252498931266e-06,1.205724642596848417e+00,9.600706612045151189e-04,9.600706612011844499e-03
1.450000000000000000e+02,5.464880629031870296e-04,4.965729208579499943e-07,1.278959591837660836e+00,1.920307249159147744e-03,1.728276524244343193e-02
2.300000000000000000e+02,5.466699156638487331e-04,1.181118394465685402e-06,1.153039320469850804e+00,4.799846404912599951e-03,1.151963137179246033e-02
1.920000000000000000e+02,5.466830422299898606e-04,9.287616928839983748e-07,1.218795502976640410e+00,9.601075320442298278e-04,1.152129038451965570e-02
2.340000000000000000e+02,5.467260220766504948e-04,4.566102600002760804e-07,1.265619066144725524e+00,2.880765131219042985e-03,2.400637609348832413e-02
2.020000000000000000e+02,5.467791274348378057e-04,1.222561011244922195e-06,1.114828198500732226e+00,1.536275300534351018e-02,2.880516188497050933e-03
5.000000000000000000e+01,5.468217527062419142e-04,1.152996505745662733e-06,1.129738228572090053e+00,6.721333512571536772e-03,1.056209551975051397e-02
1.240000000000000000e+02,5.468650571303784475e-04,4.677109935799103071e-07,1.271844622966070038e+00,9.600706612045151189e-04,1.824134256280807165e-02
1.400000000000000000e+02,5.470647336542919324e-04,1.309886980005969401e-06,1.091944554061330175e+00,2.016322611617660243e-02,6.721075372062568221e-03
2.470000000000000000e+02,5.472536732091658630e-04,1.033108440624136462e-06,1.143199544836877690e+00,1.248139791656388553e-02,3.840430128176919311e-03
2.650000000000000000e+02,5.473523575957147313e-04,7.644707334886513760e-07,1.312029385549000393e+00,9.600430099232504233e-04,8.640387089342560500e-03
1.580000000000000000e+02,5.473800856491970249e-04,4.070270276854707575e-07,1.284858349858416071e+00,5.761364291068105103e-03,1.824432025503419652e-02
2.030000000000000000e+02,5.474501287539261388e-04,7.992530488865539749e-07,1.308496039195665706e+00,9.600153602407068831e-04,1.056016896270328687e-02
4.280000000000000000e+02,5.474649867724915193e-04,1.096012726275175985e-06,1.129246322767038402e+00,9.600430099265810924e-03,8.640387089342560500e-03
1.060000000000000000e+02,5.475881818980028477e-04,1.067150792179705171e-06,1.141675019397187629e+00,2.784231648073065557e-02,4.800399393234400236e-03
3.440000000000000000e+02,5.476283657011141214e-04,1.279544809919000475e-06,1.131492977557748025e+00,1.440036864943650130e-02,5.760147459776820966e-03
4.510000000000000000e+02,5.477124224153577959e-04,1.010906983303257864e-06,1.142909765867450522e+00,1.344176355937420908e-02,3.840503874108502913e-03
3.010000000000000000e+02,5.477212790964639672e-04,9.998063691064018052e-07,1.200116128785538860e+00,9.600430099232504233e-04,1.248055912904666442e-02
4.370000000000000000e+02,5.478781393581494928e-04,5.624372749229632144e-07,1.245237926780967452e+00,9.601536245851249873e-04,1.824291886701745469e-02
4.130000000000000000e+02,5.480111609372341833e-04,9.968461519467324805e-07,1.115859366237723860e+00,2.592464569650676509e-02,5.761032377005204097e-03
5.500000000000000000e+01,5.481469027820371756e-04,7.407890917078971873e-07,1.198530025348275574e+00,6.722108053081043977e-03,1.536481840704873036e-02
1.350000000000000000e+02,5.481674775485324141e-04,5.949994241382438727e-07,1.237928668327300974e+00,9.601167501926965997e-04,1.824221825373895101e-02
1.140000000000000000e+02,5.482194960811349015e-04,8.688177059684599973e-07,1.097978317218403221e+00,2.208565392740613476e-02,1.248319569809863694e-02
1.850000000000000000e+02,5.482309796136669057e-04,7.134072433400773078e-07,1.211045440343576196e+00,2.880129029780853500e-03,2.688120427795093192e-02
1.280000000000000000e+02,5.484102886197529236e-04,3.670643550429737148e-07,1.252212144300883345e+00,9.601444057183439185e-03,1.824274370865186512e-02
2.240000000000000000e+02,5.485908797052073925e-04,1.167797487847660974e-06,1.215924868617126231e+00,2.880294942197991759e-03,5.760589884407085748e-03
3.990000000000000000e+02,5.487743037745679200e-04,1.121914483184513344e-06,1.172018358352373335e+00,1.920141322397928008e-03,1.152084793440977251e-02
3.480000000000000000e+02,5.488955953192178406e-04,1.122654402708072790e-06,1.179302300812158366e+00,9.600061440351304043e-04,2.400015360097818018e-02
2.190000000000000000e+02,5.491174621402447002e-04,9.835252286520764765e-07,1.184723475272334348e+00,1.920141322397928008e-03,1.248091859560318539e-02
3.200000000000000000e+02,5.493482023414383766e-04,5.394957513044474895e-07,1.224839492143629194e+00,7.681228996636590978e-03,2.496399423908002291e-02
3.590000000000000000e+02,5.494240522143118300e-04,4.388490628142928220e-07,1.265700859737941997e+00,7.681597772335457819e-03,1.824379470930503899e-02
1.150000000000000000e+02,5.494421737630317704e-04,5.942594217200439079e-07,1.144354866671260185e+00,1.728309713100451006e-02,1.728309713100451006e-02
1.440000000000000000e+02,5.494907041987356997e-04,8.295949903344265028e-07,1.319207457589884891e+00,3.840172039704103923e-03,7.680344079419310077e-03
3.940000000000000000e+02,5.495316366667188238e-04,1.398692682356478873e-06,1.215785911924182727e+00,8.640138242210770869e-03,3.840061440985031993e-03
3.200000000000000000e+01,5.496198290256079253e-04,1.030148278063046247e-06,1.102352808251639615e+00,3.840762007182307869e-02,5.761143010774016915e-03
1.700000000000000000e+02,5.496980394053846029e-04,1.240322254252483636e-06,1.145484435697330827e+00,3.839950848627537994e-03,1.055986483372572948e-02
2.450000000000000000e+02,5.497709650819006689e-04,1.042729131982139670e-06,1.124430645028200004e+00,7.681081496280217635e-03,8.641216683313857061e-03
2.070000000000000000e+02,5.498084009725828737e-04,1.437915319694125515e-06,1.189737665769514452e+00,1.344227981066037358e-02,2.880488530854208307e-03
4.380000000000000000e+02,5.499627003209634152e-04,1.427554584284945166e-06,1.214911391123018936e+00,8.639972352086910945e-03,3.839987712039860668e-03
3.550000000000000000e+02,5.500388281069773944e-04,8.688176545310384458e-07,1.115410630702845074e+00,2.208544185287042438e-02,1.152283922758456924e-02
3.000000000000000000e+02,5.502415764612702447e-04,1.396472483568721338e-06,1.160967230392798255e+00,1.151963137179246033e-02,3.839877123934520853e-03
2.990000000000000000e+02,5.503635121386417188e-04,5.135939474300184104e-07,1.299455270394039186e+00,0.000000000000000000e+00,2.688249469551262649e-02
4.200000000000000000e+01,5.503745915734707238e-04,4.625306208591890602e-07,1.286751248563404282e+00,2.880820457662469636e-03,2.112601668955438328e-02
2.540000000000000000e+02,5.503930710884443085e-04,9.968460929295272273e-07,1.109159555208826031e+00,2.784472246493141512e-02,5.760977061708416613e-03
2.790000000000000000e+02,5.504560112524461892e-04,1.171497712565980520e-06,1.196255435824733038e+00,9.600245766239190459e-04,1.344034407281258225e-02
1.040000000000000000e+02,5.505009794570932214e-04,1.216640536104274844e-06,1.107416796907235934e+00,1.632292506816845901e-02,2.880516188497050933e-03
2.480000000000000000e+02,5.505288984320223528e-04,1.275844468354736845e-06,1.179558469584545355e+00,9.601075320431196047e-03,5.760645192265378967e-03
1.360000000000000000e+02,5.506061433387731763e-04,4.233080812252367781e-07,1.306728653729838374e+00,5.760921747477443233e-03,2.112337974076172742e-02
3.560000000000000000e+02,5.506228663401377182e-04,8.429159381943899476e-07,1.111278043850687958e+00,2.112358255960122833e-02,1.824309402874702002e-02
8.900000000000000000e+01,5.507066480489225578e-04,4.758515203476056166e-07,1.343361091285791398e+00,9.600522268393696379e-04,1.824099230998132981e-02
3.260000000000000000e+02,5.507443114353409875e-04,1.007206764956558375e-06,1.137660838059567192e+00,9.600983140678476246e-03,9.600983140678476246e-03
3.300000000000000000e+01,5.507671189009695489e-04,5.335753550231690270e-07,1.374348009758681766e+00,9.599232061452411813e-04,1.631869450443579339e-02
3.700000000000000000e+02,5.507790747724386135e-04,1.048649546228176016e-06,1.190585126818511474e+00,0.000000000000000000e+00,1.440036864943650130e-02
2.100000000000000000e+02,5.508041481887541351e-04,5.187743289989296277e-07,1.256305606441274314e+00,6.720881779687104540e-03,1.728226743348271199e-02
1.090000000000000000e+02,5.508879579915123030e-04,4.691910687440489255e-07,1.275890458210916512e+00,1.920454763693069111e-03,1.728409287319321308e-02
4.230000000000000000e+02,5.509451516965583684e-04,1.159656812095490179e-06,1.176712939533622215e+00,9.599969280071896094e-04,2.399992320024635362e-02
3.880000000000000000e+02,5.509701688922400559e-04,1.315067197476828124e-06,1.162551743952234595e+00,9.600061440351304043e-04,1.728011059271006289e-02
2.270000000000000000e+02,5.511555011604162306e-04,1.021267704574818391e-06,1.134826953129562055e+00,2.112277130759121491e-02,5.760755811157203254e-03
2.970000000000000000e+02,5.512075680815701302e-04,1.290645635473681816e-06,1.183258158426831796e+00,9.600245766239190459e-04,1.248031949617756098e-02
1.710000000000000000e+02,5.513804725679992413e-04,7.356086438870377921e-07,1.240841270739765134e+00,9.600798786424391551e-04,2.496207684479223587e-02
3.210000000000000000e+02,5.513944794609255788e-04,1.125614597225857714e-06,1.200865377830156566e+00,9.600890962691011055e-04,1.152106915521811104e-02
3.040000000000000000e+02,5.514076701883157197e-04,6.127606154893243128e-07,1.259425793804664240e+00,9.601075320442298278e-04,1.248139791656388553e-02
2.550000000000000000e+02,5.514925038539432662e-04,7.703910431522176208e-07,1.309736698167181634e+00,9.600522268393696379e-04,1.056057449525527048e-02
2.720000000000000000e+02,5.515313759947250080e-04,1.375011052076859167e-06,1.196884778793764870e+00,1.248211696703860341e-02,2.880488530854208307e-03
4.250000000000000000e+02,5.515385616603257421e-04,1.189998872934898401e-06,1.149365527853863700e+00,4.800030720197856482e-03,1.152007372847707600e-02
3.230000000000000000e+02,5.515516098477286910e-04,6.342219563446689547e-07,1.191208944592509589e+00,6.720881779687104540e-03,2.208289727612111619e-02
2.860000000000000000e+02,5.515660160060575608e-04,1.277324526643992862e-06,1.096556933173531645e+00,1.440175125295706238e-02,8.641050751767576088e-03
2.460000000000000000e+02,5.517241209884809171e-04,8.702977244112266146e-07,1.194958125692409778e+00,9.601444057150132494e-04,1.248187727433958116e-02
1.600000000000000000e+02,5.518172008476369354e-04,1.288425404257124535e-06,1.183543343621944688e+00,9.601167501926965997e-04,1.056128425216407152e-02
3.850000000000000000e+02,5.518722265558457163e-04,1.353549725078731820e-06,1.294893041409160617e+00,9.599139917049193116e-04,1.055905390876521466e-02
5.600000000000000000e+01,5.518759185655080102e-04,9.938858951914272223e-07,1.199028328119920106e+00,9.601351870336394256e-04,1.344189261848205419e-02
5.200000000000000000e+01,5.519115530090907586e-04,1.089352177904436747e-06,1.082714438239496202e+00,4.033032456308704994e-02,5.761474937582278244e-03
1.070000000000000000e+02,5.520091333277535751e-04,8.443960164211091709e-07,1.142738552144652919e+00,2.016380692674291097e-02,1.152217538671340691e-02
9.600000000000000000e+01,5.521055866011523100e-04,1.277324507738339029e-06,1.095260478050716912e+00,1.440188952790411037e-02,8.641133716746907112e-03
4.000000000000000000e+02,5.522730352957091072e-04,8.769580908966040077e-07,1.329494463496145418e+00,1.920049153258940322e-03,7.680196613035761288e-03
4.350000000000000000e+02,5.524672742118477350e-04,1.181118251115659847e-06,1.133860015934692322e+00,4.800215049638456577e-03,1.152051611912341400e-02
1.080000000000000000e+02,5.525203483613328652e-04,5.084135937332541299e-07,1.188035610151596311e+00,1.824467063568091518e-02,2.304589975034021521e-02
1.780000000000000000e+02,5.526190770498188524e-04,8.621571219442241259e-07,1.132672105252745087e+00,5.760534577603504403e-03,1.248115825148721214e-02
2.360000000000000000e+02,5.527488383741554047e-04,1.280284766118022875e-06,1.210079254500887824e+00,6.720365587886689696e-03,3.840208907368580782e-03
1.190000000000000000e+02,5.528822988813461960e-04,1.457156442073977492e-06,1.206412730923380749e+00,7.679017085815420529e-03,3.839508542902159149e-03
9.900000000000000000e+01,5.528847055183315961e-04,8.110937615655791224e-07,1.151445891647884467e+00,2.016090320846597450e-02,1.152051611912341400e-02
2.400000000000000000e+02,5.529745992694508165e-04,8.221945107396430735e-07,1.112461507455499543e+00,2.208098922831247535e-02,1.824081718860837142e-02
3.870000000000000000e+02,5.530063108967265325e-04,5.394957153716515882e-07,1.222371646138256995e+00,7.681745292531516611e-03,2.496567220072742899e-02
3.650000000000000000e+02,5.530497807320510677e-04,9.554032829708219812e-07,1.136269294044844225e+00,9.600798786457698242e-03,1.248103842239611794e-02
1.630000000000000000e+02,5.530939299657617854e-04,1.492678819636774859e-06,1.204530358502126974e+00,6.719784966879860377e-03,3.839877123934520853e-03
3.350000000000000000e+02,5.531386991587435974e-04,1.212200330091474418e-06,1.172207248570076743e+00,9.600337931847668926e-04,1.248043931146858299e-02
1.800000000000000000e+01,5.531995027984507561e-04,1.651789311650565440e-06,1.144927097678308581e+00,1.439898631135916318e-02,3.839729683030590479e-03
1.960000000000000000e+02,5.532642564284661691e-04,7.726111605185916408e-07,1.312754446081298099e+00,9.600245766239190459e-04,1.056027034291862066e-02
3.160000000000000000e+02,5.533314922992170221e-04,5.002730928649838107e-07,1.252554188503130161e+00,8.641548565502255030e-03,2.112378538233761205e-02
2.600000000000000000e+01,5.533838377359397110e-04,5.439359908085207922e-07,1.168952985066952888e+00,2.304700628991129818e-02,2.016613050367377369e-02
9.000000000000000000e+00,5.533970484196886830e-04,4.011065282873022745e-07,1.201795476604043511e+00,3.649214458572025421e-02,2.496830945338812668e-02
1.200000000000000000e+02,5.535965824219047076e-04,9.924057662140761136e-07,1.075544749738870376e+00,2.784686146666270901e-02,1.536378563677942566e-02
4.000000000000000000e+00,5.536884558045766878e-04,1.202579614233891514e-06,1.063278417380244090e+00,3.936705457617817316e-02,7.681376502666203976e-03
4.360000000000000000e+02,5.537639442744511425e-04,7.134071852648866179e-07,1.236886320667952344e+00,9.600983140622965095e-04,1.824186796728355375e-02
3.730000000000000000e+02,5.537844180825297327e-04,6.682642143117503866e-07,1.248910995974861438e+00,9.601075320442298278e-04,1.824204310882926450e-02
3.540000000000000000e+02,5.537938864967245677e-04,1.174457870690918421e-06,1.197807686107137615e+00,9.600245766239190459e-04,1.056027034291862066e-02
2.950000000000000000e+02,5.538142000362674105e-04,1.251422884841191806e-06,1.155164790121625984e+00,5.761032377005204097e-03,5.761032377005204097e-03
3.310000000000000000e+02,5.538662800557278207e-04,1.030888343897353599e-06,1.238783267083953588e+00,9.600153602407068831e-04,1.152018432294399375e-02
3.450000000000000000e+02,5.538798913768427402e-04,9.028597759260998239e-07,1.295409159555568790e+00,1.920012288081363039e-03,9.600061440395712964e-03
7.300000000000000000e+01,5.540571440222720251e-04,5.505964616649559564e-07,1.233666666930508526e+00,5.761585588348605569e-03,2.400660661814324470e-02
1.220000000000000000e+02,5.541128725155272184e-04,5.779782219078869673e-07,1.261844635098801515e+00,4.801044707325452521e-03,1.536334306344588896e-02
5.800000000000000000e+01,5.541149830434106451e-04,7.119270273080095668e-07,1.260050450538897193e+00,9.600983140622965095e-04,2.304235953761724076e-02
1.030000000000000000e+02,5.541642944413252732e-04,1.257343241604610700e-06,1.095858065589467412e+00,3.360666756284658163e-02,5.761143010774016915e-03
8.800000000000000000e+01,5.542454592546916525e-04,8.384755020473825633e-07,1.336381296013043674e+00,9.598955633571826240e-04,1.151874676035280487e-02
3.470000000000000000e+02,5.542503061637810147e-04,1.117474052770528926e-06,1.207829929483079656e+00,9.600153602407068831e-04,1.248019968319580286e-02
2.700000000000000000e+02,5.543017907790685197e-04,1.227741356330086837e-06,1.193415718837765427e+00,9.600061440351304043e-04,1.056006758443084337e-02
3.510000000000000000e+02,5.543496856043434676e-04,1.260303458101589611e-06,1.241571870037433412e+00,3.839987712039860668e-03,5.759981568054239887e-03
2.620000000000000000e+02,5.543511022841551231e-04,1.252902990289431948e-06,1.165336081087653852e+00,9.600430099232504233e-04,1.248055912904666442e-02
3.900000000000000000e+02,5.543614565478662036e-04,1.209240128555812943e-06,1.197020071336908353e+00,9.600245766239190459e-04,1.056027034291862066e-02
3.320000000000000000e+02,5.544102152425511854e-04,1.456416408183219534e-06,1.317409611958087812e+00,8.639391786813277463e-03,3.839729683030590479e-03
4.120000000000000000e+02,5.544720056704149566e-04,1.041989028938957141e-06,1.182731746722218036e+00,9.600706612045151189e-04,1.248091859560318539e-02
7.200000000000000000e+01,5.544906044733209378e-04,1.309146684781171723e-06,1.212836340945925517e+00,3.839803402061470194e-03,4.799754252582388858e-03
1.750000000000000000e+02,5.545504335040521079e-04,1.397952509171785895e-06,1.071883142725609472e+00,3.552636632484507118e-02,5.761032377005204097e-03
3.920000000000000000e+02,5.546249178604622035e-04,1.294345639602636945e-06,1.221101726233837281e+00,1.152073732718639221e-02,2.880184331799373609e-03
1.820000000000000000e+02,5.546815801391332497e-04,1.448275817870179197e-06,1.180087313644901492e+00,1.152129038451965570e-02,2.880322596132689483e-03
1.160000000000000000e+02,5.546919077632029909e-04,8.525364327966325913e-07,1.133060853174922000e+00,2.496207684479223587e-02,8.640718907815259087e-03
1.290000000000000000e+02,5.547334725454068464e-04,6.438425155996899476e-07,1.191569262981239996e+00,5.760368663598747219e-03,2.496159754223903349e-02
1.550000000000000000e+02,5.547887175513893611e-04,1.560763250794523513e-06,1.177853738933579697e+00,9.600706612011844499e-03,2.880211983602443127e-03
4.160000000000000000e+02,5.550139988537419397e-04,9.968460073545921887e-07,1.129225780797479928e+00,2.592464569650676509e-02,5.761032377005204097e-03
2.680000000000000000e+02,5.550686674781843020e-04,3.944460807748608262e-07,1.289879842432868351e+00,6.721333512571536772e-03,1.824361953411957060e-02
3.840000000000000000e+02,5.551798249766983287e-04,1.349849359919638690e-06,1.195502633620829869e+00,6.720752724309608794e-03,3.840430128176919311e-03
3.600000000000000000e+02,5.552668262316903846e-04,1.315067020351857406e-06,1.170314558323158005e+00,6.719913985098191489e-03,5.759926272941306991e-03
2.890000000000000000e+02,5.554309879821286034e-04,6.216410863481108167e-07,1.212904111677874042e+00,5.760589884407085748e-03,1.824186796728355375e-02
2.800000000000000000e+01,5.555158057725291271e-04,5.498563442946739223e-07,1.329493126525056246e+00,2.880046080733222880e-03,1.536024576392902574e-02
4.110000000000000000e+02,5.555511055290913731e-04,1.437175108971952411e-06,1.137920162313963646e+00,8.639142997013404823e-03,8.639142997013404823e-03
2.630000000000000000e+02,5.555611476141990648e-04,9.480027605129938826e-07,1.169149421982613513e+00,7.680049152314349925e-03,7.680049152314349925e-03
2.930000000000000000e+02,5.555774107784917579e-04,1.332828241013271977e-06,1.261483853692892732e+00,9.598587087933374562e-04,1.055844579678222317e-02
2.940000000000000000e+02,5.555843482329058617e-04,1.127834675918881590e-06,1.130618616172538449e+00,6.720301069484957424e-03,1.152051611912341400e-02
2.660000000000000000e+02,5.558640798244755777e-04,1.101932934825244954e-06,1.113974953943926982e+00,7.681302748940854741e-03,8.641465592562624920e-03
3.000000000000000000e+00,5.562089217616671957e-04,1.732454503739199255e-06,1.149298096012807635e+00,1.248055912904666442e-02,4.800215049638456577e-03
2.220000000000000000e+02,5.562136092332007351e-04,1.403132777215866089e-06,1.203063877607126519e+00,1.056037172508794697e-02,2.880101379565402908e-03
2.960000000000000000e+02,5.562543827353674374e-04,1.300266108302649689e-06,1.195641117216386551e+00,9.599139917049193116e-04,1.055905390876521466e-02
3.760000000000000000e+02,5.562918456128488308e-04,1.400912659445303511e-06,1.147709626341440137e+00,6.720946309235475979e-03,4.800675935168197128e-03
1.370000000000000000e+02,5.564723665760469909e-04,8.984194367346760778e-07,1.241710620255783715e+00,1.920288811441128729e-03,9.601444057183439185e-03
3.780000000000000000e+02,5.565081773356515263e-04,1.020527528633138414e-06,1.188095334984099471e+00,9.600337931847668926e-04,1.344047310465334988e-02
1.620000000000000000e+02,5.567777344724609851e-04,1.224781109414277342e-06,1.086813297357410057e+00,1.920251937054251457e-02,1.344176355937420908e-02
3.380000000000000000e+02,5.567861828629087125e-04,1.331347961733800400e-06,1.123982440649448744e+00,1.440147471101216325e-02,3.840393256271390499e-03
3.370000000000000000e+02,5.567965171793927632e-04,8.562366397112222059e-07,1.131578230114980377e+00,1.440161298065234519e-02,1.152129038451965570e-02
1.770000000000000000e+02,5.569866942460927799e-04,1.175197770169686268e-06,1.258197835716641899e+00,9.599416355476897422e-04,1.055935799103568939e-02
2.290000000000000000e+02,5.570266320153962518e-04,7.925924660387337883e-07,1.160724218841740818e+00,5.760977061708416613e-03,1.248211696703860341e-02
2.910000000000000000e+02,5.573998292332685116e-04,1.178897999334018015e-06,1.229188919465410423e+00,9.599692809780790981e-04,1.055966209081438123e-02
2.770000000000000000e+02,5.575714164816353985e-04,8.784380771253061191e-07,1.120170620042420628e+00,1.536186800314975898e-02,1.152140100235676812e-02
3.520000000000000000e+02,5.576502105086975254e-04,1.039768794139545150e-06,1.200069332027591695e+00,4.799754252582388858e-03,5.759705103103307522e-03
3.750000000000000000e+02,5.577504186284846111e-04,1.227741258202502991e-06,1.194464632420187966e+00,9.599877121568844984e-04,1.055986483372572948e-02
3.300000000000000000e+02,5.580042880954170625e-04,1.355029550434112631e-06,1.211098398284551791e+00,1.151963137179246033e-02,3.839877123934520853e-03
2.230000000000000000e+02,5.580821813130375014e-04,1.050869562815127849e-06,1.234422916095901712e+00,9.599877121568844984e-04,1.247984025803949848e-02
1.470000000000000000e+02,5.581218607212277624e-04,7.267279286371054112e-07,1.186376821713256202e+00,5.760202759141908047e-03,2.688094620930669976e-02
3.680000000000000000e+02,5.582772803015780992e-04,8.029531281003195032e-07,1.250600865791827943e+00,1.919938561967260426e-03,1.151963137179246033e-02
4.040000000000000000e+02,5.583910496125925587e-04,8.591968126364740500e-07,1.243569013479664420e+00,9.599692809780790981e-04,1.919938561966150203e-02
2.280000000000000000e+02,5.584531805416994166e-04,7.985128094849527727e-07,1.264566503452155821e+00,0.000000000000000000e+00,1.631932111624267989e-02
3.090000000000000000e+02,5.584703722028907255e-04,1.164097047625652399e-06,1.286929481616582605e+00,9.598771357310909025e-04,9.598771357266500104e-03
2.150000000000000000e+02,5.585176157104320945e-04,1.520800451789777498e-06,1.194957858798854966e+00,8.640221189659680334e-03,3.840098306517880644e-03
3.690000000000000000e+02,5.585900855421352005e-04,3.944460486648293833e-07,1.294618689894320829e+00,6.721398050790750034e-03,1.824379470930503899e-02
3.930000000000000000e+02,5.586125899614932840e-04,1.312106777861250630e-06,1.176288919840419833e+00,2.880073729882859368e-03,9.600245766294701610e-03
4.210000000000000000e+02,5.586544831037218569e-04,1.101932869586500964e-06,1.115323247347378866e+00,8.641382621221715965e-03,8.641382621221715965e-03
4.400000000000000000e+02,5.587783694804536200e-04,4.233080029080608787e-07,1.266519163715126073e+00,5.761474937582278244e-03,2.112540810447205430e-02
6.700000000000000000e+01,5.588173682882657421e-04,7.282081124769647432e-07,1.122659711240571623e+00,3.552670744236818834e-02,1.440271923338620752e-02
1.120000000000000000e+02,5.588494347038314592e-04,3.789050733915149507e-07,1.299034811235101561e+00,5.761087693356703454e-03,2.112398820897087859e-02
2.690000000000000000e+02,5.588989949223430263e-04,1.343928820793337728e-06,1.211786447012906942e+00,9.600614439320143134e-03,2.880184331799373609e-03
1.510000000000000000e+02,5.589002327944955729e-04,1.643648585605683806e-06,1.173998576351244827e+00,1.440105991801221563e-02,2.880211983602443127e-03
2.820000000000000000e+02,5.589077978740815628e-04,1.319507251678093254e-06,1.223105140102278332e+00,3.839729683030590479e-03,5.759594524545885719e-03
4.240000000000000000e+02,5.590245337874126877e-04,7.925924367108723226e-07,1.167467951613067934e+00,5.760755811157203254e-03,1.248163759085541002e-02
1.900000000000000000e+02,5.590747179423715763e-04,6.238612413954493796e-07,1.304065324138631521e+00,9.600153602407068831e-04,1.248019968319580286e-02
2.040000000000000000e+02,5.592378596720952010e-04,8.340351402316121285e-07,1.140509621219328418e+00,1.440161298065234519e-02,1.152129038451965570e-02
3.140000000000000000e+02,5.594000827177284365e-04,1.346148909743193253e-06,1.163205038068640285e+00,1.152162224441477534e-02,3.840540748134557703e-03
6.900000000000000000e+01,5.594284731919213537e-04,8.591967935610438972e-07,1.237454992760409045e+00,9.599600656606810389e-04,1.919920131322472301e-02
3.110000000000000000e+02,5.594487132553811227e-04,1.020527468213914485e-06,1.193966387716984601e+00,9.600245766239190459e-04,1.344034407281258225e-02
2.780000000000000000e+02,5.596241695845009497e-04,1.106373197606498649e-06,1.240525023886962286e+00,9.599508505209186637e-04,1.151941020619551281e-02
2.740000000000000000e+02,5.597162671788182735e-04,1.268443907057074277e-06,1.187541956448257663e+00,9.600061440351304043e-04,9.600061440395712964e-03
1.940000000000000000e+02,5.598552159862520486e-04,8.480960874099394594e-07,1.213343667155916128e+00,0.000000000000000000e+00,1.440036864943650130e-02
3.820000000000000000e+02,5.600013435548689819e-04,1.519320351777735942e-06,1.188891199687624578e+00,8.640304138707310955e-03,3.840135172761272031e-03
2.170000000000000000e+02,5.602570479934067607e-04,8.998994853717578795e-07,1.239989353865470934e+00,1.919993856014379219e-03,9.599969280094100554e-03
3.220000000000000000e+02,5.604352511481329674e-04,1.294345561056551345e-06,1.281732367148597174e+00,9.598771357310909025e-04,1.055864849299759101e-02
4.030000000000000000e+02,5.605981247052922506e-04,1.212940190629646979e-06,1.187465468095622700e+00,9.599969280071896094e-04,9.599969280094100554e-03
2.670000000000000000e+02,5.606381913715377790e-04,1.350589290969558107e-06,1.181007440556891552e+00,9.599784964842150714e-04,1.727961293667146236e-02
2.500000000000000000e+02,5.606427589871730002e-04,1.486758126214741101e-06,1.092536368652539780e+00,1.344163450275326355e-02,9.601167501971374918e-03
6.500000000000000000e+01,5.607612674047488498e-04,7.422689876451406525e-07,1.242495991900703034e+00,9.600798786424391551e-04,1.920159757291539648e-02
1.100000000000000000e+02,5.608698872564932920e-04,5.335752176077738318e-07,1.347004085430113962e+00,9.600153602407068831e-04,1.824029184467335085e-02
1.610000000000000000e+02,5.610288784750426918e-04,9.443024149145930103e-07,1.169373136690152526e+00,3.840098306517880644e-03,1.152029491955364193e-02
3.800000000000000000e+02,5.610540789973708859e-04,1.041248791892384301e-06,1.114018779077153853e+00,1.152051611912341400e-02,1.344060213898101708e-02
8.700000000000000000e+01,5.611279509105984416e-04,1.585924734596346634e-06,1.262351408325860014e+00,1.055915526757544853e-02,2.879769618435723544e-03
4.100000000000000000e+02,5.612726405965917523e-04,9.746443482810483846e-07,1.116583623752840371e+00,1.632120124041014364e-02,8.640635950807329380e-03
3.490000000000000000e+02,5.613132932562646740e-04,8.799181254907467840e-07,1.152036364144541691e+00,1.248163759085541002e-02,7.681007748217005826e-03
3.810000000000000000e+02,5.614589484326987278e-04,1.089351876395434181e-06,1.185480756240302025e+00,9.600061440351304043e-04,2.400015360097818018e-02
3.460000000000000000e+02,5.616259709425512441e-04,1.276584373750584635e-06,1.237676742886617109e+00,9.599324207520965047e-04,9.599324207576476198e-03
9.700000000000000000e+01,5.618567276494889576e-04,9.213608644721816900e-07,1.214639640781268737e+00,2.879907842945339524e-03,9.599692809825199902e-03
3.120000000000000000e+02,5.619638138364775517e-04,8.799181124670984239e-07,1.150026308152301446e+00,1.248151775256056695e-02,7.680934001574879488e-03
3.340000000000000000e+02,5.619720323865375631e-04,9.731643024151805595e-07,1.147568433938685351e+00,6.720881779687104540e-03,8.641133716746907112e-03
8.400000000000000000e+01,5.619963647459364072e-04,1.576304003592374678e-06,1.165858900008981847e+00,1.151885732935120643e-02,3.839619109780034734e-03
1.380000000000000000e+02,5.621046584394552049e-04,1.139675346900339487e-06,1.291660309692889363e+00,9.600153602407068831e-04,1.056016896270328687e-02
1.690000000000000000e+02,5.622991314063661939e-04,1.243282062285476959e-06,1.244878156624094956e+00,6.719591448844930426e-03,3.839766542190758969e-03
2.710000000000000000e+02,5.623409886234657928e-04,8.369952752349361320e-07,1.243713715677620790e+00,9.599600656606810389e-04,1.919920131322472301e-02
2.800000000000000000e+02,5.625137967642386246e-04,1.066410414781093071e-06,1.117934231568681769e+00,8.640552995387018598e-03,1.152073732718639221e-02
3.630000000000000000e+02,5.626123860255790015e-04,1.098972592502721127e-06,1.097505865924937041e+00,3.168841644340947283e-02,5.761530262438085970e-03
2.880000000000000000e+02,5.628079026981613582e-04,1.335788154270610509e-06,1.187241504037181761e+00,1.344073117577337939e-02,2.880156680518108914e-03
4.050000000000000000e+02,5.628304763088103763e-04,8.340349883938444327e-07,1.225544347555708402e+00,9.599692809780790981e-04,2.687913986751944151e-02
3.400000000000000000e+02,5.628594077392971590e-04,1.186298360795866607e-06,1.233363367664423338e+00,9.599600656606810389e-04,1.055956072227859366e-02
4.300000000000000000e+01,5.628760606509238679e-04,5.935192109891186245e-07,1.145217311653745185e+00,3.744778914014368354e-02,1.248259638004789451e-02
4.180000000000000000e+02,5.630409043463934556e-04,1.227741096473741834e-06,1.202558235630684536e+00,1.920030720492515997e-03,8.640138242210770869e-03
3.710000000000000000e+02,5.630789743872988791e-04,1.243282043883688297e-06,1.253576600025844590e+00,6.719526945297982223e-03,3.839729683030590479e-03
1.170000000000000000e+02,5.631517587371644758e-04,1.503039256383738475e-06,1.323663345478780506e+00,9.597942201233777837e-04,1.055773642131274670e-02
1.250000000000000000e+02,5.633663963975455791e-04,1.503039256383738475e-06,1.322264454533020661e+00,9.597850081588532589e-04,1.055763508973628362e-02
9.300000000000000000e+01,5.635411242482708284e-04,1.177417774189783915e-06,1.086157499921309944e+00,2.304280200472463846e-02,6.720817251382182889e-03
4.700000000000000000e+01,5.638278746105338793e-04,1.060489976770473988e-06,1.245583291442176943e+00,9.599416355476897422e-04,1.343918289767875862e-02
4.460000000000000000e+02,5.638758883753416376e-04,7.925923475541865746e-07,1.161213924847640078e+00,5.760811122201836554e-03,1.248175743144841476e-02
4.170000000000000000e+02,5.640420972341374673e-04,1.047169167534080500e-06,1.221324437365954196e+00,9.599784964842150714e-04,1.151974195777727417e-02
1.930000000000000000e+02,5.643554936569094042e-04,1.157436478309766198e-06,1.108108451599274069e+00,1.824291886701745469e-02,5.760921747477443233e-03
1.720000000000000000e+02,5.644237822108498981e-04,1.261783337609755032e-06,1.294063749127879470e+00,9.598310697356282617e-04,9.598310697311873696e-03
3.280000000000000000e+02,5.644512585191319848e-04,1.062710135850869402e-06,1.151678235102470804e+00,3.840208907368580782e-03,1.248067894893400975e-02
1.830000000000000000e+02,5.644852624157481891e-04,1.503039223014064060e-06,1.321722059217048661e+00,9.597850081588532589e-04,1.055763508973628362e-02
4.310000000000000000e+02,5.645837861167937429e-04,8.998993801485668581e-07,1.278666266431910170e+00,9.599784964842150714e-04,1.055976346129305909e-02
3.420000000000000000e+02,5.645898023101150439e-04,1.636247881160750595e-06,1.143978794078046146e+00,1.248043931146858299e-02,3.840135172761272031e-03
4.330000000000000000e+02,5.646239382607693086e-04,1.365390109848764810e-06,1.176539488549222190e+00,9.599508505209186637e-04,1.727911530929882034e-02
2.010000000000000000e+02,5.646755365435336118e-04,1.198879108421610536e-06,1.219417190371999915e+00,3.840172039704103923e-03,5.760258059561707000e-03
4.090000000000000000e+02,5.647832188782845458e-04,1.164096883942796822e-06,1.275263260334460247e+00,9.598771357310909025e-04,9.598771357266500104e-03
2.730000000000000000e+02,5.647963280319944759e-04,1.008686533125114745e-06,1.131985242458127150e+00,9.599784964819946254e-03,1.055976346129305909e-02
2.870000000000000000e+02,5.650084789727888215e-04,1.268443756863398167e-06,1.194262192809549150e+00,9.599877121568844984e-04,1.055986483372572948e-02
2.260000000000000000e+02,5.651085723119708562e-04,1.150775918988927643e-06,1.156270194560485187e+00,6.719784966879860377e-03,8.639723528847120804e-03
1.000000000000000000e+02,5.651170193848091506e-04,1.434214787829013516e-06,1.065586406910200568e+00,2.112317692580800710e-02,1.632245489722183862e-02
4.290000000000000000e+02,5.652496517943662912e-04,8.340349353123614709e-07,1.220599897928090760e+00,9.600245766239190459e-04,2.784071272224908355e-02
4.400000000000000000e+01,5.654052769544663576e-04,5.875987581081006098e-07,1.125876778901106601e+00,2.976333349334892020e-02,1.824204310882926450e-02
6.100000000000000000e+01,5.655376209915117559e-04,1.227740938379375862e-06,1.149875822196628317e+00,9.600337931892077847e-03,6.720236552326674939e-03
1.700000000000000000e+01,5.656824887191533313e-04,6.667839397280601693e-07,1.361813388912882727e+00,9.598494955964653741e-04,1.823714041637725103e-02
1.530000000000000000e+02,5.656928335289530168e-04,1.409793021470668071e-06,1.155276239024942919e+00,1.824029184467335085e-02,2.880046080733222880e-03
7.000000000000000000e+01,5.658941775902035561e-04,1.212940082913446247e-06,1.285521314322795927e+00,0.000000000000000000e+00,1.151841506609185828e-02
2.080000000000000000e+02,5.659113714054826456e-04,6.630837508493947696e-07,1.186922030713886800e+00,6.721139905330186792e-03,2.112358255960122833e-02
2.250000000000000000e+02,5.660526280435862609e-04,1.365390067409640755e-06,1.177194463775977695e+00,9.599416355476897422e-04,1.727894943986951759e-02
1.460000000000000000e+02,5.661865190550232360e-04,8.569765618242428976e-07,1.166645076351818355e+00,5.760645192265378967e-03,1.248139791656388553e-02
4.490000000000000000e+02,5.668384988948579981e-04,1.090091889728773237e-06,1.148730426939565064e+00,3.840430128176919311e-03,1.536172051269657501e-02
9.500000000000000000e+01,5.669770612331883090e-04,1.164836725931398248e-06,1.278223979708029479e+00,9.599600656617912620e-03,3.839840262642724156e-03
1.640000000000000000e+02,5.674892998240734605e-04,1.121913877086398473e-06,1.259052373048264117e+00,8.639972352086910945e-03,3.839987712039860668e-03
2.100000000000000000e+01,5.676501245294510428e-04,1.570383522320035704e-06,1.289418451739007043e+00,8.638562543195060783e-03,3.839361130308915904e-03
3.290000000000000000e+02,5.677459606691083157e-04,1.131534617783051031e-06,1.144177367400722511e+00,6.720107521718254873e-03,9.600153602462579983e-03
2.000000000000000000e+02,5.677828197819392375e-04,1.045688976907466452e-06,1.223898242577947881e+00,9.599232061452411813e-04,1.055915526757544853e-02
3.410000000000000000e+02,5.680448673796399802e-04,1.172237343516582753e-06,1.193806665244823373e+00,9.600890962691011055e-04,1.152106915521811104e-02
1.900000000000000000e+01,5.680959733675228825e-04,5.572566891117030606e-07,1.160420647705651342e+00,3.168354855743737986e-02,2.784311842926046054e-02
6.600000000000000000e+01,5.681420211355297373e-04,1.100452582771092453e-06,1.236544396408101987e+00,0.000000000000000000e+00,1.439870987559599413e-02
8.000000000000000000e+01,5.682678202328395609e-04,1.055309583399239676e-06,1.243057733658514019e+00,1.919791126725467478e-03,8.639060070259052537e-03
1.300000000000000000e+02,5.687100221305720548e-04,1.215900105590304394e-06,1.138767129784832521e+00,7.679680525285448311e-03,9.599600656617912620e-03
5.900000000000000000e+01,5.691123475085414557e-04,1.306186073116690932e-06,1.187473004962608103e+00,9.598955633571826240e-04,1.727812014052920730e-02
9.200000000000000000e+01,5.691470299876631679e-04,1.368350341664129378e-06,1.064794740236115311e+00,2.208098922831247535e-02,1.728077417868512100e-02
1.010000000000000000e+02,5.691630861801102743e-04,7.060064857544830717e-07,1.118227275863925563e+00,3.552773083422833267e-02,1.824396988784338092e-02
4.100000000000000000e+01,5.692908892733453564e-04,1.629587246656610979e-06,1.102767328467356256e+00,9.600337931892077847e-03,9.600337931892077847e-03
5.400000000000000000e+01,5.694302827175932611e-04,9.369017038965058277e-07,1.282719054343296250e+00,3.839803402061470194e-03,7.679606804134042619e-03
7.000000000000000000e+00,5.694478466022676174e-04,5.239544383725344954e-07,1.372141245030814805e+00,0.000000000000000000e+00,2.687862381446359805e-02
2.310000000000000000e+02,5.694762537141122944e-04,9.169203852223645729e-07,1.142613948535217361e+00,1.344150544860811536e-02,6.720752724309608794e-03
2.490000000000000000e+02,5.699562759847597200e-04,1.091571824159806449e-06,1.179367637301552474e+00,1.920012288081363039e-03,2.400015360097818018e-02
3.240000000000000000e+02,5.701756306981903104e-04,1.004986247407046652e-06,1.210859394496179853e+00,9.599784964842150714e-04,1.247972045426148924e-02
8.600000000000000000e+01,5.702259788684117250e-04,1.231441196897850389e-06,1.105723234310158842e+00,2.400291875491733506e-02,2.880350250589192029e-03
4.520000000000000000e+02,5.703075140402088768e-04,1.136714930793242764e-06,1.218179760265230893e+00,9.598494955964653741e-04,1.055834445159442581e-02
3.910000000000000000e+02,5.703589470942311418e-04,9.820447278643126501e-07,1.202981579228769471e+00,9.600430099232504233e-04,1.248055912904666442e-02
2.320000000000000000e+02,5.704447179734325806e-04,1.078991125713898486e-06,1.221209446291358969e+00,9.599969280071896094e-04,1.055996620811239239e-02
1.680000000000000000e+02,5.706908580848057922e-04,1.144855377598620691e-06,1.163348825567345646e+00,9.600430099232504233e-04,1.728077417868512100e-02
4.000000000000000000e+01,5.708325211932409760e-04,6.956457376776966150e-07,1.211328015937892300e+00,6.720236552326674939e-03,2.208077724336066083e-02
2.370000000000000000e+02,5.708964761797209698e-04,5.520763292503479747e-07,1.302184050722310582e+00,9.600061440351304043e-04,1.824011673674519329e-02
1.330000000000000000e+02,5.711874355047229061e-04,8.044329867137420326e-07,1.159931602447075383e+00,9.601075320431196047e-03,1.440161298065234519e-02
1.320000000000000000e+02,5.713630402451560283e-04,8.843582617345290294e-07,1.215430832047620147e+00,9.599600656606810389e-04,1.247948085359995574e-02
3.070000000000000000e+02,5.715347535119296709e-04,1.207019491937980911e-06,1.199748459812754575e+00,2.879990784032671058e-03,9.599969280094100554e-03
3.770000000000000000e+02,5.715538141045542041e-04,1.136714898826712731e-06,1.218126168062384052e+00,9.598494955964653741e-04,1.055834445159442581e-02
4.200000000000000000e+02,5.716079880494333038e-04,9.850048734059673148e-07,1.154797953822519485e+00,6.720430107531871755e-03,8.640552995387018598e-03
2.900000000000000000e+02,5.716158729689963880e-04,9.805646085391596851e-07,1.273456056140854997e+00,9.599600656606810389e-04,1.151952078793927470e-02
2.850000000000000000e+02,5.716795861353073495e-04,6.934255701533010059e-07,1.204336055274495942e+00,6.720430107531871755e-03,2.208141321045076211e-02
2.810000000000000000e+02,5.717380048148754069e-04,7.504093227538840820e-07,1.238722913189402419e+00,9.599692809780790981e-04,2.687913986751944151e-02
1.660000000000000000e+02,5.720210852878444179e-04,1.184077903942807825e-06,1.085163597186423301e+00,1.824081718860837142e-02,1.248055912904666442e-02
2.330000000000000000e+02,5.724267999994548219e-04,1.318026789006233954e-06,1.092780288546732814e+00,2.496255616575293601e-02,5.760589884407085748e-03
8.000000000000000000e+00,5.726856957088422842e-04,6.793646551551005353e-07,1.085277527375795970e+00,4.416833898239769240e-02,2.496471333788274904e-02
2.200000000000000000e+01,5.727208466742078272e-04,1.340228237035314645e-06,1.284890183474013847e+00,3.839287428253346235e-03,5.758931142374468237e-03
2.700000000000000000e+01,5.733259010545967843e-04,1.431254219350759533e-06,1.296296779820724332e+00,9.597665847627112612e-04,1.055743243243423279e-02
2.640000000000000000e+02,5.737282886417238237e-04,1.280284231743215635e-06,1.243425718204834274e+00,3.839692824569862495e-03,5.759539236860344857e-03
2.530000000000000000e+02,5.740157123470262948e-04,1.378710733890920584e-06,1.238523196533898529e+00,1.919772698910637843e-03,9.598863494564291443e-03
2.430000000000000000e+02,5.740696121699405755e-04,1.136714819751619480e-06,1.182353523646779259e+00,9.599784964842150714e-04,1.247972045426148924e-02
1.740000000000000000e+02,5.744262821033682860e-04,8.295945261952989169e-07,1.240062869526307399e+00,9.600430099232504233e-04,1.920086019853162185e-02
5.100000000000000000e+01,5.746558912101595775e-04,5.084134311929084611e-07,1.231306961806150513e+00,6.719978496072531726e-03,2.783991091228621428e-02
2.900000000000000000e+01,5.749313360585212767e-04,1.586664262120393607e-06,1.162002642091703786e+00,1.535921360826808524e-02,2.879852551551653761e-03
3.740000000000000000e+02,5.750258337051269118e-04,9.990657299730294989e-07,1.224774218783984736e+00,9.598955633571826240e-04,1.247864232370998749e-02
3.400000000000000000e+01,5.750893235328610742e-04,1.380190796569251459e-06,1.081228787715113215e+00,2.112013516886168674e-02,1.728011059271006289e-02
1.600000000000000000e+01,5.752583556298064603e-04,5.757578151745125341e-07,1.121562753145944891e+00,4.704481738929677803e-02,2.496255616575293601e-02
5.000000000000000000e+00,5.754011097114558647e-04,1.352068968571856108e-06,1.249219825660777383e+00,4.799155348655936848e-03,2.879493209195782555e-03
3.170000000000000000e+02,5.755259389249464891e-04,9.213606040047598027e-07,1.229433358061659876e+00,9.598863494608700364e-04,1.247852254293579932e-02
2.140000000000000000e+02,5.759755011004909090e-04,1.300265544418156679e-06,1.207448018477861540e+00,9.598955633571826240e-04,1.055885119698452002e-02
4.420000000000000000e+02,5.760446735586525948e-04,1.483797568474208806e-06,1.175671255603599752e+00,9.599047774422331258e-04,1.727828599402680965e-02
1.490000000000000000e+02,5.760522540896363414e-04,1.298785433586307049e-06,1.267746565263017544e+00,9.598126445742316548e-04,9.598126445720112088e-03
1.800000000000000000e+02,5.768800462091333006e-04,1.181117632263509849e-06,1.142762458332108988e+00,3.839619109780034734e-03,1.247876210680454179e-02
2.510000000000000000e+02,5.772452285580513846e-04,1.491198008750533434e-06,1.177692976572073613e+00,1.823906615980863677e-02,2.879852551551653761e-03
1.910000000000000000e+02,5.775250979259907323e-04,8.340347217520446979e-07,1.232555579734925244e+00,9.599508505209186637e-04,2.687862381446359805e-02
1.890000000000000000e+02,5.779288909872902546e-04,1.264003110075212021e-06,1.211173299800037961e+00,9.599784964842150714e-04,1.055976346129305909e-02
1.670000000000000000e+02,5.781873004144390650e-04,1.347628526796027963e-06,1.252089610055928226e+00,8.638728379184446027e-03,3.839434835195554285e-03
2.300000000000000000e+01,5.786742924475360731e-04,1.312106267103227560e-06,1.307517080100034201e+00,9.597113188375416826e-04,9.597113188353212365e-03
6.800000000000000000e+01,5.788253770600174748e-04,1.394251601884083245e-06,1.156603893004481298e+00,5.759705103103307522e-03,1.055945935568569638e-02
6.000000000000000000e+00,5.792043136290863986e-04,5.631769497017637144e-07,1.163642571448192387e+00,1.632073116876187058e-02,2.976133330773178542e-02
9.100000000000000000e+01,5.793929505468642816e-04,1.491197942536993012e-06,1.171521080130222048e+00,1.823906615980863677e-02,2.879852551551653761e-03
5.300000000000000000e+01,5.797278355500711227e-04,9.235806611842021156e-07,1.075725255789884871e+00,3.264146233751263892e-02,1.728077417868512100e-02
4.800000000000000000e+01,5.801695060732295003e-04,1.550401798948006445e-06,1.230305014783466433e+00,6.719397941945537411e-03,3.839655966830779477e-03
1.860000000000000000e+02,5.805568058384065044e-04,1.463076075992251398e-06,1.163670317860836523e+00,9.599047774422331258e-04,1.727828599402680965e-02
2.380000000000000000e+02,5.805927180497411945e-04,6.741842138637010225e-07,1.301486101889514968e+00,9.599692809780790981e-04,1.823941633867232071e-02
1.970000000000000000e+02,5.806296739146742146e-04,8.340346575605257635e-07,1.238627408504700878e+00,9.599692809780790981e-04,2.687913986751944151e-02
2.500000000000000000e+01,5.818032090030510715e-04,5.772378346382601612e-07,1.163574360731976398e+00,3.456387115357006934e-02,2.112236570496195398e-02
1.180000000000000000e+02,5.826200625947333808e-04,1.446794938336622877e-06,1.174787913377000059e+00,9.599508505209186637e-04,1.727911530929882034e-02
8.200000000000000000e+01,5.833500199687539217e-04,9.087796258309768869e-07,1.086728363900637095e+00,3.263926888037449459e-02,1.727961293667146236e-02
2.980000000000000000e+02,5.836084344764194687e-04,1.297305125010926843e-06,1.253561992195985741e+00,9.598218570605610012e-04,9.598218570627814472e-03
2.000000000000000000e+00,5.836617554837691523e-04,6.571630314558841168e-07,1.107073980703117577e+00,4.800814218091087326e-02,2.496423393407720681e-02
3.800000000000000000e+01,5.842124800772353129e-04,1.180377422890986338e-06,1.261633917534541904e+00,9.598218570605610012e-04,1.247768414182059971e-02
1.430000000000000000e+02,5.848947152540071460e-04,9.968454009533180844e-07,1.263703541609856096e+00,9.598679221789474525e-04,1.247828298825970350e-02
1.420000000000000000e+02,5.852178876617339029e-04,1.645127772715221154e-06,1.228405709798358503e+00,1.151963137179246033e-02,2.879907842945339524e-03
3.100000000000000000e+01,5.853730525007505266e-04,9.235805518250819852e-07,1.075568563278511913e+00,3.360086018202590452e-02,1.728044237931936067e-02
2.000000000000000000e+01,5.887559546728541671e-04,1.329867102199203361e-06,1.259676123442194706e+00,1.919588440235653337e-03,9.597942201189368916e-03
0.000000000000000000e+00,5.913079780810352260e-04,1.417192704300246884e-06,1.138136923259018163e+00,3.839619109780034734e-03,1.631838121658457652e-02
