3.570000000000000000e+02,5.724610057395833618e-01,6.257155889801033211e-02,2.082001245652733423e-01,0.000000000000000000e+00,1.089163206559844027e-01
2.610000000000000000e+02,5.739382129596213300e-01,5.513165434834327999e-02,2.081875510512597727e-01,5.388532214314795642e-03,6.535451020942105449e-02
1.390000000000000000e+02,5.759883673005661286e-01,4.940864543685193067e-02,2.195847273284868284e-01,2.694240237576151983e-03,6.535375724544015275e-02
2.350000000000000000e+02,5.766492552652610071e-01,1.758871812226919240e-01,1.464996651288825169e-01,1.346990784487844426e-03,6.534622840094163332e-02
3.500000000000000000e+01,5.778758441784114241e-01,4.215949669439118808e-02,2.549874734680789845e-01,1.347133053582593148e-03,1.176343047143572490e-01
1.480000000000000000e+02,5.829802965613919419e-01,6.066389286509436818e-02,1.965764866369578145e-01,1.347158923919295013e-03,1.002098818379610901e-01
8.300000000000000000e+01,5.835210569508274547e-01,2.918735284370992389e-01,1.045377210942945861e-01,1.885660371368563445e-02,8.714301956960464682e-03
1.270000000000000000e+02,5.867205359480238691e-01,7.516218935669445600e-02,1.836552888291095031e-01,2.694059164347074962e-03,6.534848690248298841e-02
2.420000000000000000e+02,5.882555737000707552e-01,2.470432713653232526e-01,5.466341982935085664e-02,3.367735624848083170e-02,1.307396275496138828e-02
6.200000000000000000e+01,5.900268677405168249e-01,5.684854086507589582e-02,2.122833162106471938e-01,0.000000000000000000e+00,1.089163206559844027e-01
2.840000000000000000e+02,5.904191998424043186e-01,6.257154990334450051e-02,2.079497148038885745e-01,0.000000000000000000e+00,1.089151494686773913e-01
9.800000000000000000e+01,5.943919650776806618e-01,2.012591816317262916e-01,4.758654439569901667e-02,3.637084631637091392e-02,8.717020419259586053e-03
1.000000000000000000e+01,5.945713608480877044e-01,3.586418244114653736e-02,1.181247054680586300e-01,5.793784747127438128e-02,9.151449055063966276e-02
8.500000000000000000e+01,5.949926153782139071e-01,2.403663080847257341e-02,2.295309865778370206e-01,1.347184795237311083e-03,6.971433908533294921e-02
1.000000000000000000e+00,5.961028103159893288e-01,2.537199427489202422e-02,2.956605868659144543e-01,1.347145988626332822e-03,1.002087941815336669e-01
1.590000000000000000e+02,5.996000217578035807e-01,4.540253619018538855e-02,1.882765287385215758e-01,2.694395462571459038e-03,6.535827524618723072e-02
8.100000000000000000e+01,5.999174720832521901e-01,2.233881604148655053e-01,1.044109619925577825e-01,2.693774669880572362e-03,8.276362590254414398e-02
3.050000000000000000e+02,6.007507669462723854e-01,5.990082060663699109e-02,2.002953563985947205e-01,2.694059164347074962e-03,6.534848690248298841e-02
1.260000000000000000e+02,6.028940898661705461e-01,3.038918367133114362e-01,7.772026800670316093e-02,2.020311607292682096e-02,4.358070724189216753e-03
2.060000000000000000e+02,6.031252465722537481e-01,6.467000198780741005e-02,9.860660598018872181e-02,3.233305602162706016e-02,7.842972993772881485e-02
2.050000000000000000e+02,6.046314433017132561e-01,2.779475196926483593e-01,1.041571183696043540e-01,1.751088019840428209e-02,4.359576218427709503e-03
3.000000000000000000e+01,6.061967714898689463e-01,2.638307693335125159e-01,1.136569208701975892e-01,1.886058713343138904e-02,5.269078308622558800e-06
1.880000000000000000e+02,6.062374074467298257e-01,5.112554863251297932e-02,1.754748698929657902e-01,1.077747836196079473e-02,8.278478971167518852e-02
1.310000000000000000e+02,6.085987203687041047e-01,8.202977117076362679e-02,2.075646869575651920e-01,0.000000000000000000e+00,1.089081228169942184e-01
2.400000000000000000e+01,6.092686672578855323e-01,5.360549334478497546e-02,9.881915656009054860e-02,3.502882279508216096e-02,8.714738014238838926e-02
3.900000000000000000e+01,6.095270651638250436e-01,2.695537762662674197e-01,2.194753854140123889e-02,4.041399160739991142e-02,2.614466433069371348e-02
4.020000000000000000e+02,6.106968408718024266e-01,2.060283398624162543e-01,6.817197915232107996e-02,1.751155269798333053e-02,8.716602150143169109e-03
3.530000000000000000e+02,6.109298783978575065e-01,5.990081559485514739e-02,1.938249285291019919e-01,2.694110897060931174e-03,6.534999264244764627e-02
1.410000000000000000e+02,6.123659116090383048e-01,7.001147775257472727e-02,2.296476336520789918e-01,1.346990784487844426e-03,3.920909175130000285e-02
5.700000000000000000e+01,6.123980302535610987e-01,8.393745607169510181e-02,5.810715587920492475e-02,1.077675399951137300e-02,6.099572731038507833e-02
4.320000000000000000e+02,6.124196562299809576e-01,1.964900171852982103e-01,7.469626638892634674e-02,2.155185255188339297e-02,1.307195510165837585e-02
3.080000000000000000e+02,6.126158372987516865e-01,6.772226043960129227e-02,1.949163875811643076e-01,4.041321552712768411e-03,5.663987253550015200e-02
2.120000000000000000e+02,6.135600920134536285e-01,1.631057868617135087e-01,1.958462498337755209e-01,5.387807956196196540e-03,1.307120231116679770e-02
3.860000000000000000e+02,6.138245908285842045e-01,2.098437005826538082e-01,3.517032017826433182e-02,1.347133053579477845e-02,2.178801478865767527e-02
3.890000000000000000e+02,6.138924082297774198e-01,1.213278073878688856e-01,1.708819242828418794e-01,1.346926126652424251e-03,5.663050384645933882e-02
3.390000000000000000e+02,6.142208074863004796e-01,1.898131734375778645e-01,5.736145516560765129e-02,9.429207075214761716e-03,3.921059741897744977e-02
2.830000000000000000e+02,6.147928194447471739e-01,2.178559134740844783e-01,2.283319777043108650e-02,3.098406023233733417e-02,1.743136524657126415e-02
1.130000000000000000e+02,6.151080683292359241e-01,2.995040875093479826e-02,1.723557092535404622e-01,1.347197731282614129e-02,6.971513395696049553e-02
3.950000000000000000e+02,6.154432801090651273e-01,1.157955633383922350e-01,2.159549886482114434e-01,2.693878115463932930e-03,3.049504001637410103e-02
3.190000000000000000e+02,6.157563878857416073e-01,2.235788990961779799e-01,7.379488208619597311e-02,2.155309411340209855e-02,4.139632362451643483e-06
1.730000000000000000e+02,6.166198140040165532e-01,1.226631788513991433e-01,2.308953301600383257e-01,1.346926126652424251e-03,2.613864148639385293e-02
9.000000000000000000e+01,6.171207418589844673e-01,2.665015050393707563e-01,2.358135320535114862e-02,3.637503731076086738e-02,1.307647275537643893e-02
6.400000000000000000e+01,6.174392239414269179e-01,2.617322912126302525e-01,9.787897247428507808e-02,1.481803674933592635e-02,4.360914653979842091e-03
1.650000000000000000e+02,6.174757136803292745e-01,9.652808376161596537e-02,4.249082075324087798e-02,3.367994328205756865e-02,9.149942751092753068e-02
2.200000000000000000e+02,6.191757354182313433e-01,3.987028358792579080e-02,2.181808095350353527e-01,4.041632002703382520e-03,6.971592884385147126e-02
3.610000000000000000e+02,6.193540088779437847e-01,6.772225789502811510e-02,1.764472863563879834e-01,9.429297606611201921e-03,5.663652628600113897e-02
2.130000000000000000e+02,6.194810446027385620e-01,1.716903023470287837e-01,1.358525425394620234e-01,1.347081315884284198e-03,3.049964066770869189e-02
1.810000000000000000e+02,6.196060808972272405e-01,1.161770985056412020e-01,2.453539483080444117e-01,2.693981568991265368e-03,2.178433398483866842e-02
2.390000000000000000e+02,6.200424031824521842e-01,1.840901524097137143e-01,6.267098995661081473e-02,1.347094249938921538e-02,3.050005895692448066e-02
4.300000000000000000e+02,6.205873296854300669e-01,2.470432317361044294e-01,3.550687440151890223e-02,3.367897309788892013e-02,1.307521769494635576e-02
1.540000000000000000e+02,6.219645201834489434e-01,1.791302141890508126e-01,1.350683918880619672e-01,1.347055448538253845e-03,3.049880411335605807e-02
7.900000000000000000e+01,6.228305371347505615e-01,3.222054435495385616e-01,2.554631946957294786e-02,2.693903978094983054e-02,2.613939424071663742e-02
9.400000000000000000e+01,6.229245714419662239e-01,1.737887432423714518e-01,5.314329262869302295e-02,2.424629968855466014e-02,8.277282641020503040e-02
3.720000000000000000e+02,6.231604880370185118e-01,1.625334562052376530e-01,1.015928286406402731e-01,1.212349903681313179e-02,3.049880411335605807e-02
4.600000000000000000e+01,6.251324869111215543e-01,1.837086214512326510e-01,5.570412589849704776e-02,3.771791469845756778e-02,3.485566278000136464e-02
2.600000000000000000e+02,6.253421219466372971e-01,2.239604317623359320e-01,1.338821753857169783e-01,1.212314984427733007e-02,4.359910808060140329e-03
2.440000000000000000e+02,6.263996189600755660e-01,1.962992288401887997e-01,4.775306128869331174e-02,1.347094249938921538e-02,1.307396275496138828e-02
3.150000000000000000e+02,6.268312760312600984e-01,1.770317612984663447e-01,1.446897258170173062e-01,1.347016649357225034e-03,3.921009552009654953e-02
3.030000000000000000e+02,6.270007156458956565e-01,1.818009554773290237e-01,1.197410854988465445e-01,1.347016649357225034e-03,4.356636860913257886e-02
3.500000000000000000e+02,6.273390700915423279e-01,1.329645981815071876e-01,1.174682804681094067e-01,1.347120118788075992e-03,4.357071869170582590e-02
3.620000000000000000e+02,6.273415403669778678e-01,1.264785042790898817e-01,8.054488727134356818e-02,9.429478674606603036e-03,5.663786474724420011e-02
4.070000000000000000e+02,6.274167316407598394e-01,6.982070019620986723e-02,6.310808360389107141e-02,4.984488018487372857e-02,9.149641542363443070e-02
3.250000000000000000e+02,6.274605971134651350e-01,1.880962647789324593e-01,1.446221170628635699e-01,2.694033298730026584e-03,2.614127625308918998e-02
2.160000000000000000e+02,6.275126620388552512e-01,1.894316260596500823e-01,6.053530305104368875e-02,3.906685855381731437e-02,1.307471570448484957e-02
1.500000000000000000e+02,6.279604157617367788e-01,1.405952661531839065e-01,2.433975608468270102e-01,1.346783901265093857e-03,3.484554261010182341e-02
7.100000000000000000e+01,6.281658353434388387e-01,2.176651191196384838e-01,1.287696024820180751e-01,1.346861475031993320e-03,9.582909977132894608e-02
2.180000000000000000e+02,6.283562694797811821e-01,1.571919982522017312e-01,1.716058664359446928e-01,1.346977852434776265e-03,3.485244226220742675e-02
6.000000000000000000e+01,6.292705189453523529e-01,9.881726690525087509e-02,1.640184762855072254e-01,1.346951989045155115e-03,1.001924818416501661e-01
1.840000000000000000e+02,6.297459049354462435e-01,3.758107200589035773e-02,1.925754004135384612e-01,1.077716790899508476e-02,6.971195456208127694e-02
4.060000000000000000e+02,6.298250157094030799e-01,1.339184159161232457e-01,8.020279797386310749e-02,9.429297606611201921e-03,5.663652628600113897e-02
1.520000000000000000e+02,6.307840240831714684e-01,1.703549328526349771e-01,4.735502152504682261e-02,3.098376273204786480e-02,8.278018808841752785e-02
1.050000000000000000e+02,6.310660941307948413e-01,2.422739236496974924e-02,1.763971926561913317e-01,1.751424321290687841e-02,6.971831359610503043e-02
3.130000000000000000e+02,6.315438746213689614e-01,1.356353130078576386e-01,1.143739993334470517e-01,1.481775220296881190e-02,1.307346081270815454e-02
3.580000000000000000e+02,6.319996111942686179e-01,5.341473323365562853e-02,1.807358919598121838e-01,2.694395462571459038e-03,6.971513395696049553e-02
3.270000000000000000e+02,6.321019066039588186e-01,1.850439716667826306e-01,7.870972950001275947e-02,1.481746766752076346e-02,1.307295888974830365e-02
2.520000000000000000e+02,6.327436249754991859e-01,1.598627301188939587e-01,6.807544486976455089e-02,8.082099896190079319e-03,4.356636860913257886e-02
4.340000000000000000e+02,6.331995135549838283e-01,2.283480987851759791e-01,9.339189115242897687e-02,1.347003716805711621e-03,3.920959363088752370e-02
2.090000000000000000e+02,6.336719263644073896e-01,1.341091978142448238e-01,4.971705556087367001e-02,3.367994328205756865e-02,3.921712298144695158e-02
1.950000000000000000e+02,6.341467037325340117e-01,2.651661202978646270e-01,1.003322137902999539e-01,2.693748809715268509e-03,1.306969686025026382e-02
1.340000000000000000e+02,6.353117632880395105e-01,3.987027675496155471e-02,2.205203629678553212e-01,4.041593193849400516e-03,6.971513395696049553e-02
4.900000000000000000e+01,6.360565137861829976e-01,1.278138877601681100e-01,5.155488178264480692e-02,3.502781370665399713e-02,3.921812705873613247e-02
3.020000000000000000e+02,6.370969667967297800e-01,2.592523455654842102e-01,1.319605788867899421e-01,1.346977852434776265e-03,3.049629464313123942e-02
1.450000000000000000e+02,6.373374650065387614e-01,5.246089410225952127e-02,1.973788849211932372e-01,2.694188499877843250e-03,6.535225136090104525e-02
2.300000000000000000e+02,6.383851681645339449e-01,2.289203799978098419e-01,8.489856051777421031e-02,6.734178080595168078e-03,3.920306994768423675e-02
1.920000000000000000e+02,6.384607938781587944e-01,1.638688450154622556e-01,1.436363368865193058e-01,1.347029582173537481e-03,3.921059741897744977e-02
2.340000000000000000e+02,6.387084124510781225e-01,4.215947387257255874e-02,1.854622440074324141e-01,4.041709622654350055e-03,9.585942399334704267e-02
2.020000000000000000e+02,6.390143668466938820e-01,2.396032975437973889e-01,5.076585616272465823e-02,2.155392190056248589e-02,4.641584237190564678e-06
5.000000000000000000e+01,6.392599426152332232e-01,2.216712282361393560e-01,6.408448231460403544e-02,9.430021920368751934e-03,3.485842356835663902e-02
1.240000000000000000e+02,6.395094311671689624e-01,4.502097806191760615e-02,1.910233235957325970e-01,1.346977852434776265e-03,6.970162321506880032e-02
1.400000000000000000e+02,6.406598218674280920e-01,2.621138481894589312e-01,3.032466967132991728e-02,2.828897924872514347e-02,1.743048680547734999e-02
2.470000000000000000e+02,6.417483539721448027e-01,1.907669462680440520e-01,7.610902136548955421e-02,1.751138456824041095e-02,4.360078107687107365e-03
2.650000000000000000e+02,6.423169015325769227e-01,1.215185566125588784e-01,2.269190144348953164e-01,1.346939057724178424e-03,2.613901785995347699e-02
1.580000000000000000e+02,6.424766503815509955e-01,2.937809992352229463e-02,2.026480461812874834e-01,8.083186387698801031e-03,6.971513395696049553e-02
2.030000000000000000e+02,6.428801877364608286e-01,1.304846074156174873e-01,2.237627955057616969e-01,1.346900265256584109e-03,3.484968216292314708e-02
4.280000000000000000e+02,6.429657888178844649e-01,2.069821698500641793e-01,6.364507947718067715e-02,1.346939057728851336e-02,2.613901785995347699e-02
1.060000000000000000e+02,6.436755494042960546e-01,1.995422520523512100e-01,7.474721429380118409e-02,3.906273275028767505e-02,8.715765660068229559e-03
3.440000000000000000e+02,6.439070592107282165e-01,2.542923608801001545e-01,6.565194030218136911e-02,2.020369793755742716e-02,1.307044956404755133e-02
4.510000000000000000e+02,6.443913327771197963e-01,1.850439404254560494e-01,7.585017160180655693e-02,1.885877627947324733e-02,4.360412716562547288e-03
3.010000000000000000e+02,6.444423585230613094e-01,1.821824670101420685e-01,1.269506829735698727e-01,1.346939057724178424e-03,4.356310648568634258e-02
4.370000000000000000e+02,6.453460731047585552e-01,6.943915267710870642e-02,1.672564607570887762e-01,1.347094249946709883e-03,6.970877541136662192e-02
4.130000000000000000e+02,6.461124465597527511e-01,1.814193936742225788e-01,5.168696346587179496e-02,3.637224320718459442e-02,1.307446471650800662e-02
5.500000000000000000e+01,6.468944922045629653e-01,1.154139945419475344e-01,1.255338703569607861e-01,9.431108599666723075e-03,5.664991321202577507e-02
1.350000000000000000e+02,6.470130290238756965e-01,7.783289762424891456e-02,1.607273471117142138e-01,1.347042515223496146e-03,6.970559650486692072e-02
1.140000000000000000e+02,6.473127219220400352e-01,1.484167157976641893e-01,3.571442645877018207e-02,3.098614289434896418e-02,4.357506944264620541e-02
1.850000000000000000e+02,6.473788816726808726e-01,1.083556075214467396e-01,1.367134677595335801e-01,4.040817173188111788e-03,1.089034388322475538e-01
1.280000000000000000e+02,6.484119295695053298e-01,1.907667665598917692e-02,1.734862936551513357e-01,1.347081315888957152e-02,6.970798066184655251e-02
2.240000000000000000e+02,6.494523638738731730e-01,2.254865681852929182e-01,1.410720961928298711e-01,4.041049948087251618e-03,1.307245698608183564e-02
3.990000000000000000e+02,6.505091197681587278e-01,2.136590246160811890e-01,1.018518938826246251e-01,2.693955704853976015e-03,3.920858988133398698e-02
3.480000000000000000e+02,6.512079133080832527e-01,2.138497582105103045e-01,1.083583936059241692e-01,1.346887334932497923e-03,9.583119055488420468e-02
2.190000000000000000e+02,6.524861483384363225e-01,1.779855775628680636e-01,1.132009456057287422e-01,2.693955704853976015e-03,4.356473750041017778e-02
3.200000000000000000e+02,6.538155053225559454e-01,6.352537540523725546e-02,1.490352282231483527e-01,1.077675399951137300e-02,1.002044437648272335e-01
3.590000000000000000e+02,6.542524970462663125e-01,3.758106112256136971e-02,1.855353074609905617e-01,1.077727139132320794e-02,6.971274938791852116e-02
1.150000000000000000e+02,6.543569002115114941e-01,7.764214266155981814e-02,7.714103132949377828e-02,2.424816213812306179e-02,6.535375724544015275e-02
1.440000000000000000e+02,6.546364972358342804e-01,1.383060357872738511e-01,2.333309436896491285e-01,5.387756230912289779e-03,2.178299570353285641e-02
3.940000000000000000e+02,6.548723203039823471e-01,2.850058388395115827e-01,1.409479708734469594e-01,1.212210238737156283e-02,4.358405255991871022e-03
3.200000000000000000e+01,6.553804204427041702e-01,1.900038870063352481e-01,3.962201151376921332e-02,5.388583954494427508e-02,1.307496669729763319e-02
1.700000000000000000e+02,6.558310116879615403e-01,2.441817221055178622e-01,7.815003717984934928e-02,5.387445900127973281e-03,3.484830223249195391e-02
2.450000000000000000e+02,6.562511563220424504e-01,1.932469308949905928e-01,5.934339724283522327e-02,1.077654705670883818e-02,2.614278199310423115e-02
2.070000000000000000e+02,6.564668346584471292e-01,2.951164986669619905e-01,1.176799525806735136e-01,1.885950057933663548e-02,4.516092666738443454e-06
4.380000000000000000e+02,6.573557951228726770e-01,2.924457483453384854e-01,1.401667909860155325e-01,1.212186964374986110e-02,4.358070724189216753e-03
3.550000000000000000e+02,6.577943879796860349e-01,1.484167025383245075e-01,5.128612317235722168e-02,3.098584535405926252e-02,3.921762501528078954e-02
3.000000000000000000e+02,6.589624763292828424e-01,2.844335245787673605e-01,9.198029462053421146e-02,1.616202739343151895e-02,4.357568950589370271e-03
2.990000000000000000e+02,6.596649808928073400e-01,5.684850853274044102e-02,2.156869821627861727e-01,0.000000000000000000e+00,1.089092938693986823e-01
4.200000000000000000e+01,6.597288125268002679e-01,4.368560160806696929e-02,2.043389086459812820e-01,4.041787245580412587e-03,8.279031224282891455e-02
2.540000000000000000e+02,6.598352780328811118e-01,1.814193784609955673e-01,4.570224861586329873e-02,3.906610834290048101e-02,1.307421373331672798e-02
2.790000000000000000e+02,6.601978934166100599e-01,2.264403978089868930e-01,1.235020563788494924e-01,1.346913195829892813e-03,4.791795771342195753e-02
1.040000000000000000e+02,6.604569674600649920e-01,2.380771403491992733e-01,4.414550150127823785e-02,2.290104201933498493e-02,4.641584237190564678e-06
2.480000000000000000e+02,6.606178162593617786e-01,2.533385011363104566e-01,1.085872205160564458e-01,1.347029582171979829e-02,1.307270793552228576e-02
1.360000000000000000e+02,6.610628451522275739e-01,3.357496696629719279e-02,2.221840497773518164e-01,8.082565499633528883e-03,8.277834756286413243e-02
3.560000000000000000e+02,6.611591909062157768e-01,1.417398582309783717e-01,4.759462294998106219e-02,2.963635805323215980e-02,6.970957017615013462e-02
8.900000000000000000e+01,6.616418800914485310e-01,4.711941158274112612e-02,2.549065686793792196e-01,1.346951989045155115e-03,6.970003400598351329e-02
3.260000000000000000e+02,6.618588690925931717e-01,1.840901124442136938e-01,7.116148171742490980e-02,1.347016649365013162e-02,3.049754934212522625e-02
3.300000000000000000e+01,6.619902690981689375e-01,6.199923853870240031e-02,2.825861361090918344e-01,1.346770973184011197e-03,6.097795411409979299e-02
3.700000000000000000e+02,6.620591501217460983e-01,1.947730723924112894e-01,1.184369609056636352e-01,0.000000000000000000e+00,5.227389623206856600e-02
2.100000000000000000e+02,6.622036048848187750e-01,5.818388726744328637e-02,1.771428450942708899e-01,9.429388139736623667e-03,6.534999264244764627e-02
1.090000000000000000e+02,6.626864559270640997e-01,4.540250611610840287e-02,1.946373315380586777e-01,2.694395462571459038e-03,6.535827524618723072e-02
4.230000000000000000e+02,6.630159643996117458e-01,2.233880962598272513e-01,1.060454046531235650e-01,1.346874404857634254e-03,9.583014515308208026e-02
3.880000000000000000e+02,6.631600952603394772e-01,2.634491846236001189e-01,9.339568705299187978e-02,1.346887334932497923e-03,6.534020636610750332e-02
2.270000000000000000e+02,6.642278448064011798e-01,1.877146871027386144e-01,6.863006804759680390e-02,2.963521986774812420e-02,1.307320984881025876e-02
2.970000000000000000e+02,6.645278164841559310e-01,2.571538887784173277e-01,1.118920275709630180e-01,1.346913195829892813e-03,4.356201919472496575e-02
1.710000000000000000e+02,6.655239662033252124e-01,1.140785987290735964e-01,1.633290764492821567e-01,1.346990784487844426e-03,1.001957439337635564e-01
3.210000000000000000e+02,6.656046637187175152e-01,2.146128257098923464e-01,1.276199618329791063e-01,1.347003716805711621e-03,3.920959363088752370e-02
3.040000000000000000e+02,6.656806590827285541e-01,8.241130887016140383e-02,1.799300030555844032e-01,1.347029582173537481e-03,4.356691233289503723e-02
2.550000000000000000e+02,6.661694088771165090e-01,1.230446711511147262e-01,2.248710342513922933e-01,1.346951989045155115e-03,3.485152219380023564e-02
2.720000000000000000e+02,6.663933618405297743e-01,2.789012797336181682e-01,1.240642271917676148e-01,1.751239339509385456e-02,4.516092666738443454e-06
4.250000000000000000e+02,6.664347604121807489e-01,2.312095554077721327e-01,8.161688568695937840e-02,6.734436674693641996e-03,3.920507706142738191e-02
3.230000000000000000e+02,6.665099345646019469e-01,8.794353035137943142e-02,1.189941962485177585e-01,9.429388139736623667e-03,8.713198547314249254e-02
2.860000000000000000e+02,6.665929323564463438e-01,2.537200248405592218e-01,3.444475211061061998e-02,2.020563772844589934e-02,2.614202910861408019e-02
2.460000000000000000e+02,6.675038181124667291e-01,1.487982292304389775e-01,1.223432130651360972e-01,1.347081315884284198e-03,4.356908733242131210e-02
1.600000000000000000e+02,6.680400764680103354e-01,2.565815661583024099e-01,1.121467738712441792e-01,1.347042515223496146e-03,3.485474258787472218e-02
3.850000000000000000e+02,6.683570945218000325e-01,2.733690618244600801e-01,2.116116971380033740e-01,1.346758045336574972e-03,3.484462280661344141e-02
5.600000000000000000e+01,6.683783651924704028e-01,1.806563101314931363e-01,1.259789873885305556e-01,1.347068382086657762e-03,4.792498396034707009e-02
5.200000000000000000e+01,6.685836649027371292e-01,2.052652394391612234e-01,2.207971903198098843e-02,5.658339137228602517e-02,1.307647275537643893e-02
1.070000000000000000e+02,6.691458516281363345e-01,1.421213870746293462e-01,7.569723216740573135e-02,2.828979412517214700e-02,3.921461295695295030e-02
9.600000000000000000e+01,6.697015451395855745e-01,2.537200199671328371e-01,3.328667254800610209e-02,2.020583172801150226e-02,2.614240554725738921e-02
4.000000000000000000e+02,6.706662625596069294e-01,1.505151127556364765e-01,2.425199785361215887e-01,2.693826391675362142e-03,2.178232660139115331e-02
4.350000000000000000e+02,6.717853257242436538e-01,2.289203430455944155e-01,6.776633571780385501e-02,6.734695288652044719e-03,3.920708432926572201e-02
1.080000000000000000e+02,6.720911003180477516e-01,5.551313698281188508e-02,1.161595637983393325e-01,2.559724847793706098e-02,9.150143566550587859e-02
1.780000000000000000e+02,6.726599031139751661e-01,1.466997761961406910e-01,6.670521523723070556e-02,8.082022300818692342e-03,4.356582489579761963e-02
2.360000000000000000e+02,6.734074933556539744e-01,2.544831039285883056e-01,1.358504065872610245e-01,9.428663923331661451e-03,4.359074358133573253e-03
1.190000000000000000e+02,6.741763955947106535e-01,3.000764008124075510e-01,1.325752249429478780e-01,1.077365069159032934e-02,4.355896580573850874e-03
9.900000000000000000e+01,6.741902608841930933e-01,1.335368605566192024e-01,8.347520438248597074e-02,2.828572021231677905e-02,3.920708432926572201e-02
2.400000000000000000e+02,6.747081632057687628e-01,1.363983687658360533e-01,4.865177100678613059e-02,3.097959832776513503e-02,6.969923942431083264e-02
3.870000000000000000e+02,6.748908625055817234e-01,6.352536614262002668e-02,1.468307847586713122e-01,1.077747836196079473e-02,1.002120572134312798e-01
3.650000000000000000e+02,6.751413040363086759e-01,1.707364111179514310e-01,6.991846246010072208e-02,1.346990784492517294e-02,4.356528119289015261e-02
1.630000000000000000e+02,6.753956597657102545e-01,3.092332219794272641e-01,1.308937652519008843e-01,9.427849312836350873e-03,4.357568950589370271e-03
3.350000000000000000e+02,6.756535872488964589e-01,2.369325612080068477e-01,1.020206231327534796e-01,1.346926126652424251e-03,4.356256283501709625e-02
1.800000000000000000e+01,6.760038935357353118e-01,3.502481095271758327e-01,7.765218595620587694e-02,2.020175851908544151e-02,4.356899964056844786e-03
1.960000000000000000e+02,6.763769567898313406e-01,1.236169644233694603e-01,2.275666865134182704e-01,1.346913195829892813e-03,3.485014215738136550e-02
3.160000000000000000e+02,6.767643209071529942e-01,5.341471013824202613e-02,1.737918301856171410e-01,1.212408106906153089e-02,8.278018808841752785e-02
2.600000000000000000e+01,6.770658971887636435e-01,6.466996317968051744e-02,9.911369948535771190e-02,3.233491897199275433e-02,7.843500164724186152e-02
9.000000000000000000e+00,6.771420075267795546e-01,2.785193647591415606e-02,1.284507876458336750e-01,5.119843000216622864e-02,1.002240232721425400e-01
1.200000000000000000e+02,6.782915771208207767e-01,1.802747682055404477e-01,1.567527851051611285e-02,3.906910935946603103e-02,5.664522720303546977e-02
4.000000000000000000e+00,6.788208846375770600e-01,2.344525702656533872e-01,4.718178212436944727e-03,5.523192487017093005e-02,2.178768013797150946e-02
4.360000000000000000e+02,6.792557942204281440e-01,1.083555925510485823e-01,1.597962531616208826e-01,1.347016649357225034e-03,6.970400714319767432e-02
3.730000000000000000e+02,6.793737493908752478e-01,9.671881201080813339e-02,1.705374893793874524e-01,1.347029582173537481e-03,6.970480181640058281e-02
3.540000000000000000e+02,6.794282994973297463e-01,2.272034559271615128e-01,1.248886291158965017e-01,1.346913195829892813e-03,3.485014215738136550e-02
2.950000000000000000e+02,6.795453313172022947e-01,2.470431997462601004e-01,8.679717075220552691e-02,8.082720712712879868e-03,1.307446471650800662e-02
3.310000000000000000e+02,6.798453784578593062e-01,1.901946583161833459e-01,1.614907313098173369e-01,1.346900265256584109e-03,3.920557886389174074e-02
3.450000000000000000e+02,6.799237969765812295e-01,1.571919489927458280e-01,2.120727280419863470e-01,2.693774669880572362e-03,3.049336729318388034e-02
7.300000000000000000e+01,6.809449976210121269e-01,6.638687360924581948e-02,1.569202452486730404e-01,8.083496867487095089e-03,9.586046995742787680e-02
1.220000000000000000e+02,6.812660646103794182e-01,7.344523791325344164e-02,1.820906722670589395e-01,6.735859297276247312e-03,5.664321910628688367e-02
5.800000000000000000e+01,6.812782239348815772e-01,1.079740431548657370e-01,1.804879878132734095e-01,1.347016649357225034e-03,9.148537258822671270e-02
1.030000000000000000e+02,6.815623202946636816e-01,2.485693264260338819e-01,3.382047730785893436e-02,4.715010960182818706e-02,1.307496669729763319e-02
8.800000000000000000e+01,6.820299328344603396e-01,1.405952197666797410e-01,2.486717533631472021e-01,1.346732190389370075e-03,3.919905618268502978e-02
3.470000000000000000e+02,6.820578571944808655e-01,2.125143876296190504e-01,1.338411605386024272e-01,1.346900265256584109e-03,4.356147556491071077e-02
2.700000000000000000e+02,6.823544740499446482e-01,2.409386668738610626e-01,1.209654331295632740e-01,1.346887334932497923e-03,3.484922217728044641e-02
3.510000000000000000e+02,6.826304091499101334e-01,2.493323995911276292e-01,1.639816961197925471e-01,5.387497619446113967e-03,1.306969686025026382e-02
2.620000000000000000e+02,6.826385710271736240e-01,2.474247356069695092e-01,9.588284135180723255e-02,1.346939057724178424e-03,4.356310648568634258e-02
3.900000000000000000e+02,6.826982247533492920e-01,2.361694918995837222e-01,1.241850794499214372e-01,1.346913195829892813e-03,3.485014215738136550e-02
3.320000000000000000e+02,6.829791368396729290e-01,2.998856377368440684e-01,2.317249889240250993e-01,1.212105511144814969e-02,4.356899964056844786e-03
4.120000000000000000e+02,6.833351282811620520e-01,1.930561499935824765e-01,1.114218017791859389e-01,1.346977852434776265e-03,4.356473750041017778e-02
7.200000000000000000e+01,6.834422810374283230e-01,2.619230177482169686e-01,1.383132187649783185e-01,5.387239032793165149e-03,8.712838450614985089e-03
1.750000000000000000e+02,6.837869723371851061e-01,2.848150398572960595e-01,1.240448866694603657e-02,4.984344439503420043e-02,1.307446471650800662e-02
3.920000000000000000e+02,6.842160969495810763e-01,2.581076615394375939e-01,1.456964082102102931e-01,1.616357904736867579e-02,3.135844272525264387e-06
1.820000000000000000e+02,6.845425437304100136e-01,2.977871878355472512e-01,1.090596190490450423e-01,1.616435498606687282e-02,3.763193769517927167e-06
1.160000000000000000e+02,6.846020439783747635e-01,1.442197921389855586e-01,6.705247062290160820e-02,3.502176039680856418e-02,2.614052342647919108e-02
1.290000000000000000e+02,6.848415099805289508e-01,9.042348092532988268e-02,1.193160564924059808e-01,8.081789523692125068e-03,1.001935691847993942e-01
1.550000000000000000e+02,6.851597914683696944e-01,3.267837634449483053e-01,1.070644422170725085e-01,1.346977852430103310e-02,3.261309346059236649e-06
4.160000000000000000e+02,6.864576982532502036e-01,1.814193564018196092e-01,6.362673002975077763e-02,3.637224320718459442e-02,1.307446471650800662e-02
2.680000000000000000e+02,6.867726590504528161e-01,2.613503206387330496e-02,2.071335758551708095e-01,9.430021920368751934e-03,6.971195456208127694e-02
3.840000000000000000e+02,6.874130675974786664e-01,2.724151959984864035e-01,1.228296036022881871e-01,9.429207075214761716e-03,4.360078107687107365e-03
3.600000000000000000e+02,6.879143054630632026e-01,2.634491389650099324e-01,1.003299468766107316e-01,9.428030325223954108e-03,1.306944596863958766e-02
2.890000000000000000e+02,6.888600859050554304e-01,8.470048231833739172e-02,1.383737560703051372e-01,8.082099896190079319e-03,6.970400714319767432e-02
2.800000000000000000e+01,6.893487442379476748e-01,6.619608901465338924e-02,2.425187842650149972e-01,4.040700795785328626e-03,5.662916566786686118e-02
4.110000000000000000e+02,6.895521157253651223e-01,2.949256900084799016e-01,7.139312731303346093e-02,1.212070605969198071e-02,2.613337301519712969e-02
2.630000000000000000e+02,6.896099709057973426e-01,1.688287330474436687e-01,9.928916994581896138e-02,1.077509867950671163e-02,2.178165752494037877e-02
2.930000000000000000e+02,6.897036674134909839e-01,2.680275577664270603e-01,1.817683984255675511e-01,1.346680483485632228e-03,3.484186360807325217e-02
2.940000000000000000e+02,6.897436359730644284e-01,2.151851090130804112e-01,6.487090281563621941e-02,9.428573404100401567e-03,3.920708432926572201e-02
2.660000000000000000e+02,6.913552456666001156e-01,2.085082583239735721e-01,5.000368162559576390e-02,1.077685747389552431e-02,2.614391137396671755e-02
3.000000000000000000e+00,6.933419737497494850e-01,3.710416709112114297e-01,8.155665110141793739e-02,1.751020775047662514e-02,8.714929234220611387e-03
2.220000000000000000e+02,6.933689795466965178e-01,2.861503893280068489e-01,1.295838074110441662e-01,1.481618739325454848e-02,2.759463458992911302e-06
2.960000000000000000e+02,6.936038867695901722e-01,2.596338170737939044e-01,1.229533063197582599e-01,1.346758045336574972e-03,3.484462280661344141e-02
3.760000000000000000e+02,6.938197205842764337e-01,2.855780959515619721e-01,8.013772480782289931e-02,9.429478674606603036e-03,8.717020419259586053e-03
1.370000000000000000e+02,6.948597508952756296e-01,1.560473355212827207e-01,1.641056370023967481e-01,2.694162631784144911e-03,3.049964066770869189e-02
3.780000000000000000e+02,6.950660664100434261e-01,1.875238874098376363e-01,1.162129139735090938e-01,1.346926126652424251e-03,4.791854317214772063e-02
1.620000000000000000e+02,6.966190583056176555e-01,2.401755858675188038e-01,2.574109140879371482e-02,2.694110897068719215e-02,4.792439837790185564e-02
3.380000000000000000e+02,6.966677317781558854e-01,2.676459770961747142e-01,5.894303141314512912e-02,2.020524974046741112e-02,4.359910808060140329e-03
3.370000000000000000e+02,6.967272705829375967e-01,1.451736171733028213e-01,6.572809353143947708e-02,2.020544373258748375e-02,3.921059741897744977e-02
1.770000000000000000e+02,6.978229323294784514e-01,2.273941843545217445e-01,1.788331095801001525e-01,1.346796829610975334e-03,3.484600252511966395e-02
2.290000000000000000e+02,6.980530246683039897e-01,1.287676681173458848e-01,9.176322061172051403e-02,8.082643105425536822e-03,4.357017489485016243e-02
2.910000000000000000e+02,7.002031152267154113e-01,2.283480151242915368e-01,1.529204247114407944e-01,1.346835616112802923e-03,3.484738232306627131e-02
2.770000000000000000e+02,7.011916759795551179e-01,1.508966178843942629e-01,5.553806084098222851e-02,2.155268024366939483e-02,3.921109932747985499e-02
3.520000000000000000e+02,7.016456297753829174e-01,1.924838264498931750e-01,1.269088810106472343e-01,6.734048790999244694e-03,1.306844245035478254e-02
3.750000000000000000e+02,7.022229559769520568e-01,2.409386415789118441e-01,1.219023921969196178e-01,1.346861475031993320e-03,3.484830223249195391e-02
3.300000000000000000e+02,7.036855669445055694e-01,2.737505254839150415e-01,1.367607732991100444e-01,1.616202739343151895e-02,4.357568950589370271e-03
2.230000000000000000e+02,7.041343309324175070e-01,1.953453396861361546e-01,1.575957770794834401e-01,1.346861475031993320e-03,4.355984473803289903e-02
1.470000000000000000e+02,7.043629347826810827e-01,1.117893622826927891e-01,1.146778241258116504e-01,8.081556759961274622e-03,1.089022678922786924e-01
3.680000000000000000e+02,7.052583492078172700e-01,1.314383995317100207e-01,1.720469929974088041e-01,2.693671232241182361e-03,3.920306994768423675e-02
4.040000000000000000e+02,7.059138051162074934e-01,1.459366791066451785e-01,1.657656768865281849e-01,1.346835616112802923e-03,7.404857094482947266e-02
2.280000000000000000e+02,7.062717582778619274e-01,1.302937913642633616e-01,1.845220253132608124e-01,0.000000000000000000e+00,6.098079725225721143e-02
3.090000000000000000e+02,7.063708041084326705e-01,2.245326830098910986e-01,2.044981182110746643e-01,1.346706336454632415e-03,3.048751377345987681e-02
2.150000000000000000e+02,7.066429867899919337e-01,3.164823076042431738e-01,1.223429746581401467e-01,1.212221876253134073e-02,4.358572526703951081e-03
3.690000000000000000e+02,7.070605051782663519e-01,2.613502378667353215e-02,2.113666281983120898e-01,9.430112467403911625e-03,6.971274938791852116e-02
3.930000000000000000e+02,7.071901592519495017e-01,2.626860590993793099e-01,1.056666421859944333e-01,4.040739587505255172e-03,3.049420363873475356e-02
4.210000000000000000e+02,7.074315170254114049e-01,2.085082415069823281e-01,5.120806657302232751e-02,1.212384824945808223e-02,2.614353490645889358e-02
4.400000000000000000e+02,7.081452600978958012e-01,3.357494677799834765e-02,1.862662707587539324e-01,8.083341624610064155e-03,8.278755089768573272e-02
6.700000000000000000e+01,7.083699428244826235e-01,1.121709183508907415e-01,5.776148191843466506e-02,4.984392298246248520e-02,5.228456158316181074e-02
1.120000000000000000e+02,7.085546861560192422e-01,2.212893125845681250e-02,2.153114002006289440e-01,8.082798321479981937e-03,8.278110837771632258e-02
2.690000000000000000e+02,7.088402160388572737e-01,2.708890223099138517e-01,1.373753839835540891e-01,1.346964920613796628e-02,3.135844272525264387e-06
1.510000000000000000e+02,7.088473477566200609e-01,3.481496246374495285e-01,1.036207557226054982e-01,2.020466778644376335e-02,3.261309346059236649e-06
2.820000000000000000e+02,7.088909322353152964e-01,2.645937246314018498e-01,1.474859901368433257e-01,5.387135605091527592e-03,1.306794072007689232e-02
4.240000000000000000e+02,7.095634795455867394e-01,1.287676605573231381e-01,9.778716927041719575e-02,8.082332691198370472e-03,4.356799981180318332e-02
1.900000000000000000e+02,7.098526040958021976e-01,8.527278530384550803e-02,2.198049874297403616e-01,1.346900265256584109e-03,4.356147556491071077e-02
2.040000000000000000e+02,7.107925079213492925e-01,1.394506004632000140e-01,7.370620347258190208e-02,2.020544373258748375e-02,3.921059741897744977e-02
3.140000000000000000e+02,7.117271189582734525e-01,2.714613082570683789e-01,9.397925261670890540e-02,1.616482058505546923e-02,4.360580025811019306e-03
6.900000000000000000e+01,7.118906841929207863e-01,1.459366741894545239e-01,1.603042287301602864e-01,1.346822687034829975e-03,7.404773468758486799e-02
3.110000000000000000e+02,7.120072926971175997e-01,1.875238718352036649e-01,1.214573270359265850e-01,1.346913195829892813e-03,4.791795771342195753e-02
2.780000000000000000e+02,7.130181442752855370e-01,2.096528520987183952e-01,1.630465838195536143e-01,1.346809758206079545e-03,3.920206644864244333e-02
2.740000000000000000e+02,7.135487435362422026e-01,2.514308130538203123e-01,1.157185996224260743e-01,1.346887334932497923e-03,3.049336729318388034e-02
1.940000000000000000e+02,7.143492653640017842e-01,1.430751770705298576e-01,1.387663961291805970e-01,0.000000000000000000e+00,5.227389623206856600e-02
3.820000000000000000e+02,7.151911459851869601e-01,3.161007731448560176e-01,1.169238330261868908e-01,1.212233513993412476e-02,4.358739800639990433e-03
2.170000000000000000e+02,7.166643287226643899e-01,1.564288567374313710e-01,1.625680878860868150e-01,2.693748809715268509e-03,3.049294913242273086e-02
3.220000000000000000e+02,7.176910055093790319e-01,2.581076412921313179e-01,1.998557114327952355e-01,1.346706336454632415e-03,3.484278330562434051e-02
4.030000000000000000e+02,7.186293643199287429e-01,2.371232795974109742e-01,1.156502751610505725e-01,1.346874404857634254e-03,3.049294913242273086e-02
2.670000000000000000e+02,7.188601992690548670e-01,2.726059325641360109e-01,1.098815373345500696e-01,1.346848545455575120e-03,6.533794834151068764e-02
2.500000000000000000e+02,7.188865145436105220e-01,3.077070085170972025e-01,3.085331765217401087e-02,1.885859521320682602e-02,3.049838584826958937e-02
6.500000000000000000e+01,7.195692737323710064e-01,1.157954763957221300e-01,1.648071829603127425e-01,1.346990784487844426e-03,7.405860728412191896e-02
1.100000000000000000e+02,7.201950622069563934e-01,6.199920311629304043e-02,2.581607322759318923e-01,1.346900265256584109e-03,6.969685577087339490e-02
1.610000000000000000e+02,7.211110538100620193e-01,1.678748722637496416e-01,9.948900673622979030e-02,5.387652783350724284e-03,3.920608067607835728e-02
3.800000000000000000e+02,7.212562408654046298e-01,1.928653345492984394e-01,5.004282913654722192e-02,1.616326869275244715e-02,4.791912864215733953e-02
8.700000000000000000e+01,7.216818370262438886e-01,3.332697934710312504e-01,1.825433556702895921e-01,1.481448070499297165e-02,1.254157116896865029e-06
4.100000000000000000e+02,7.225154336150058088e-01,1.756962985522095011e-01,5.233391823627538131e-02,2.289862349129773850e-02,2.614014702400467918e-02
3.490000000000000000e+02,7.227496446314635170e-01,1.512781390305202867e-01,8.400265351560688709e-02,1.751172083095057022e-02,2.178600698110834399e-02
3.810000000000000000e+02,7.235888036729487549e-01,2.052651617173360810e-01,1.138773991109211930e-01,1.346887334932497923e-03,9.583119055488420468e-02
3.460000000000000000e+02,7.245510657271074795e-01,2.535292310889526446e-01,1.605023106264383270e-01,1.346783901265093857e-03,3.049002223211698739e-02
9.700000000000000000e+01,7.258805178053026053e-01,1.619610880773180439e-01,1.399240455863688115e-01,4.040506848353985284e-03,3.049169469839792604e-02
3.120000000000000000e+02,7.264974704205797718e-01,1.512781356733345628e-01,8.220713840417728790e-02,1.751155269798333053e-02,2.178567236900894738e-02
3.340000000000000000e+02,7.265448197202036829e-01,1.753147780504137054e-01,8.001160240439535165e-02,9.429388139736623667e-03,2.614240554725738921e-02
8.400000000000000000e+01,7.266850050530569982e-01,3.307897986243001909e-01,9.634985783165141149e-02,1.616094141292264211e-02,4.356398257857904341e-03
1.380000000000000000e+02,7.273089144414971452e-01,2.182373514054443964e-01,2.087240071083870108e-01,1.346900265256584109e-03,3.484968216292314708e-02
1.690000000000000000e+02,7.284293260362179057e-01,2.449446899783443710e-01,1.669350902301981188e-01,9.427577807292404286e-03,4.357067205854036999e-03
2.710000000000000000e+02,7.286704768352521011e-01,1.402136526211743839e-01,1.658949344714366336e-01,1.346822687034829975e-03,7.404773468758486799e-02
2.800000000000000000e+02,7.296660714809213300e-01,1.993514004286610630e-01,5.354037057010087308e-02,1.212268428552261239e-02,3.920808802098947610e-02
3.630000000000000000e+02,7.302340709991848033e-01,2.077451527240573026e-01,3.529240167930742383e-02,4.445880584919784800e-02,1.307672378194004933e-02
2.880000000000000000e+02,7.313604956658211753e-01,2.687905527635784386e-01,1.154502156339029528e-01,1.885732784666332290e-02,3.010381566586640041e-06
4.050000000000000000e+02,7.314905483693284749e-01,1.394505613230472285e-01,1.496648517503768872e-01,1.346835616112802923e-03,1.088940719419243391e-01
3.400000000000000000e+02,7.316572302001460582e-01,2.302556516938780717e-01,1.566493182607464341e-01,1.346822687034829975e-03,3.484692238160188443e-02
4.300000000000000000e+01,7.317531721481134177e-01,7.745133400082168662e-02,7.791142429606114084e-02,5.253919803271232120e-02,4.357235014498891945e-02
4.180000000000000000e+02,7.327028814606949547e-01,2.409385998890969938e-01,1.291321345157717959e-01,2.693800530528744300e-03,2.613788876093558686e-02
3.710000000000000000e+02,7.329222133088147961e-01,2.449446852348024506e-01,1.747051158583647346e-01,9.427487308902386329e-03,4.356899964056844786e-03
1.170000000000000000e+02,7.333415437216682653e-01,3.119038953130591207e-01,2.373112378059495375e-01,1.346590005968009013e-03,3.483864494471096418e-02
1.250000000000000000e+02,7.345781295935995825e-01,3.119038953130591207e-01,2.360616557833341012e-01,1.346577081594113037e-03,3.483818517094285777e-02
9.300000000000000000e+01,7.355847842098311995e-01,2.279664484088115284e-01,2.515528971416420428e-02,3.232902036550409225e-02,1.742931562940381110e-02
4.700000000000000000e+01,7.372368309481160953e-01,1.978252528052981130e-01,1.675649633413696660e-01,1.346796829610975334e-03,4.791268909049763158e-02
4.460000000000000000e+02,7.375134512910422879e-01,1.287676375748573465e-01,9.220065844287764212e-02,8.082410292519945708e-03,4.356854356689850161e-02
4.170000000000000000e+02,7.384710256804194461e-01,1.943914660954415841e-01,1.458953485406007111e-01,1.346848545455575120e-03,3.920357171166257565e-02
1.930000000000000000e+02,7.402765876122142652e-01,2.228157471998291062e-01,4.476333327125871925e-02,2.559479074884729935e-02,1.307396275496138828e-02
1.720000000000000000e+02,7.406700165233731648e-01,2.497138772098780324e-01,2.108709183594118797e-01,1.346641705924666145e-03,3.048542361192733627e-02
3.280000000000000000e+02,7.408283149998573514e-01,1.983975568304320314e-01,8.368274894112613660e-02,5.387807956196196540e-03,4.356365014683345749e-02
1.830000000000000000e+02,7.410242206860800929e-01,3.119038867111534330e-01,2.355771523715107507e-01,1.346577081594113037e-03,3.483818517094285777e-02
4.310000000000000000e+02,7.415918424936743802e-01,1.564288296134039580e-01,1.971168672457530024e-01,1.346848545455575120e-03,3.484784227334616902e-02
3.420000000000000000e+02,7.416265034178137761e-01,3.462418996550093997e-01,7.680509838697024971e-02,1.751003964657497566e-02,4.358739800639990433e-03
4.330000000000000000e+02,7.418231699032249438e-01,2.764212304383493746e-01,1.058904667485155021e-01,1.346809758206079545e-03,6.533569044698046835e-02
2.010000000000000000e+02,7.421204416279024718e-01,2.334986681826446975e-01,1.441916692341069228e-01,5.387756230912289779e-03,1.307095139064123543e-02
4.090000000000000000e+02,7.427408288123936719e-01,2.245326408163573484e-01,1.940770768638698796e-01,1.346706336454632415e-03,3.048751377345987681e-02
2.730000000000000000e+02,7.428163542082719673e-01,1.844715613622700534e-01,6.609166390732930385e-02,1.346848545452459904e-02,3.484784227334616902e-02
2.870000000000000000e+02,7.440386134130985152e-01,2.514307743374750714e-01,1.217215597318255377e-01,1.346861475031993320e-03,3.484830223249195391e-02
2.260000000000000000e+02,7.446152783324195834e-01,2.210988139662518892e-01,8.778459119316597836e-02,9.427849312836350873e-03,2.613600707377995713e-02
1.000000000000000000e+02,7.446639442138519582e-01,2.941625898681552442e-01,6.779827287913473867e-03,2.963578894956328882e-02,6.099501621873838764e-02
4.290000000000000000e+02,7.454280755574724804e-01,1.394505476399077459e-01,1.452481419381315975e-01,1.346913195829892813e-03,1.132570354934737816e-01
4.400000000000000000e+01,7.463246743833965580e-01,7.592518254422477020e-02,6.063517977624619665e-02,4.175791704734850562e-02,6.970480181640058281e-02
6.100000000000000000e+01,7.470871443346349672e-01,2.409385591361425105e-01,8.207271438389519835e-02,1.346926126658654771e-02,1.742668081208223474e-02
1.700000000000000000e+01,7.479217666697010047e-01,9.633723255101624139e-02,2.713893827691069016e-01,1.346667557382754277e-03,6.968255673287167273e-02
1.530000000000000000e+02,7.479813659293248485e-01,2.878672413450791279e-01,8.689672429242049911e-02,2.559110504001528563e-02,2.508554972903681806e-06
7.000000000000000000e+01,7.491413637652014623e-01,2.371232518307451465e-01,2.032402499401530227e-01,0.000000000000000000e+00,3.919755117974776243e-02
2.080000000000000000e+02,7.492404220060571163e-01,9.538341216592977068e-02,1.151648409070848145e-01,9.429750289668317742e-03,8.277926781680013113e-02
2.250000000000000000e+02,7.500542398732725768e-01,2.764212194985560811e-01,1.064755339913144722e-01,1.346796829610975334e-03,6.533493784433491713e-02
1.460000000000000000e+02,7.508256223642463256e-01,1.453643514352332411e-01,9.705212259903144012e-02,8.082177493041225319e-03,4.356691233289503723e-02
4.490000000000000000e+02,7.545818553444804122e-01,2.054559194936875499e-01,8.104957149605714062e-02,5.388118328694149924e-03,5.663585707464780655e-02
9.500000000000000000e+01,7.553801506187430848e-01,2.247233544241246939e-01,1.967217874572405323e-01,1.346822687036387627e-02,4.357401699120299308e-03
1.640000000000000000e+02,7.583312963003626672e-01,2.136588683784521880e-01,1.795964389092987723e-01,1.212186964374986110e-02,4.358070724189216753e-03
2.100000000000000000e+01,7.592578511191877544e-01,3.292636398490982885e-01,2.067214311356709022e-01,1.211989168376188981e-02,4.355227722495967277e-03
3.290000000000000000e+02,7.598099891554960239e-01,2.161388657237250099e-01,7.698247722764364753e-02,9.428301856842817227e-03,3.049378546195455342e-02
2.000000000000000000e+02,7.600223445180065429e-01,1.940099082777802242e-01,1.481944417846950690e-01,1.346770973184011197e-03,3.484508270394987700e-02
3.410000000000000000e+02,7.615320719186637888e-01,2.266310570161946536e-01,1.213146523475062133e-01,1.347003716805711621e-03,3.920959363088752370e-02
1.900000000000000000e+01,7.618265073987882108e-01,6.810372129360270366e-02,9.149205077150376897e-02,4.445197621169558189e-02,1.132679509555260949e-01
6.600000000000000000e+01,7.620918011000433756e-01,2.081266588941453888e-01,1.594908237716457788e-01,0.000000000000000000e+00,5.226636984468065877e-02
8.000000000000000000e+01,7.628165638754055289e-01,1.964898710282380334e-01,1.653089678950430963e-01,2.693464380794316666e-03,2.613299674999277483e-02
1.300000000000000000e+02,7.653642091409490478e-01,2.378862750336373788e-01,7.214969474135643490e-02,1.077458149627863980e-02,3.049127656982600007e-02
5.900000000000000000e+01,7.676821149429088331e-01,2.611598427183722815e-01,1.156570075897079553e-01,1.346732190389370075e-03,6.533117504801917719e-02
9.200000000000000000e+01,7.678819301272958864e-01,2.771843075521573385e-01,6.072658193110766836e-03,3.097959832776513503e-02,6.534321726789020512e-02
1.010000000000000000e+02,7.679744342139591673e-01,1.064478688406123724e-01,5.380213713902219641e-02,4.984535879987226498e-02,6.971354422896883229e-02
4.100000000000000000e+01,7.687107425542710759e-01,3.445249470409714743e-01,3.999228841858457756e-02,1.346926126658654771e-02,3.049462182352447731e-02
5.400000000000000000e+01,7.695138260555111076e-01,1.659671455869072276e-01,2.007370857702144573e-01,5.387239032793165149e-03,2.177965044978400280e-02
7.000000000000000000e+00,7.696150163666893862e-01,5.951919583669230268e-02,2.806149077296082872e-01,0.000000000000000000e+00,1.088917304441769512e-01
2.310000000000000000e+02,7.697786774553684319e-01,1.608164385021437492e-01,7.558592797262513041e-02,1.885841415041394908e-02,1.742902284943987495e-02
2.490000000000000000e+02,7.725442161639114458e-01,2.058374112702424652e-01,1.084167564846139908e-01,2.693774669880572362e-03,9.583119055488420468e-02
3.240000000000000000e+02,7.738079782599396328e-01,1.835177160142967279e-01,1.365472792893076548e-01,1.346848545455575120e-03,4.355930114997898922e-02
8.600000000000000000e+01,7.740980477466404830e-01,2.418923974727097415e-01,4.263269924753861073e-02,3.367606288072758774e-02,3.888670882526115638e-06
4.520000000000000000e+02,7.745677940219717339e-01,2.174742267856261679e-01,1.430863147242728561e-01,1.346667557382754277e-03,3.484140377254616588e-02
3.910000000000000000e+02,7.748641138189789057e-01,1.776039397930645192e-01,1.295102930499732741e-01,1.346939057724178424e-03,4.356310648568634258e-02
2.320000000000000000e+02,7.753582631553782578e-01,2.025944074588638399e-01,1.457926308984492936e-01,1.346874404857634254e-03,3.484876220050362600e-02
1.680000000000000000e+02,7.767763432057259720e-01,2.195726396940726188e-01,9.410769313167804961e-02,1.346939057724178424e-03,6.534321726789020512e-02
4.000000000000000000e+01,7.775925028589470989e-01,1.037771152535823110e-01,1.369658829915840481e-01,9.428482886613699307e-03,8.712236620652481778e-02
2.370000000000000000e+02,7.779609649106685731e-01,6.676834815458976280e-02,2.181245094426717823e-01,1.346887334932497923e-03,6.969606125020406939e-02
1.330000000000000000e+02,7.796372606267383265e-01,1.318198717642943552e-01,9.105520316360828093e-02,1.347029582171979829e-02,5.227954216073021909e-02
1.320000000000000000e+02,7.806489672428010840e-01,1.524227001869249143e-01,1.406307900155037427e-01,1.346822687034829975e-03,4.355821400515366010e-02
3.070000000000000000e+02,7.816382540219173336e-01,2.355970647766954251e-01,1.266222567012737221e-01,4.040623214588479062e-03,3.049294913242273086e-02
3.770000000000000000e+02,7.817480672742063152e-01,2.174742185454176246e-01,1.430384426199942660e-01,1.346667557382754277e-03,3.484140377254616588e-02
4.200000000000000000e+02,7.820601780880557241e-01,1.783669946675690288e-01,8.646948827917524949e-02,9.428754444307480692e-03,2.613977062873370366e-02
2.900000000000000000e+02,7.821056052517496582e-01,1.772224003552181626e-01,1.924627624111462376e-01,1.346822687034829975e-03,3.920256819337777227e-02
2.850000000000000000e+02,7.824726741117822293e-01,1.032048090517866668e-01,1.307202007428733270e-01,9.428754444307480692e-03,8.712525179259399122e-02
2.810000000000000000e+02,7.828092399953391345e-01,1.178938605114419474e-01,1.614368192147719316e-01,1.346835616112802923e-03,1.088940719419243391e-01
1.660000000000000000e+02,7.844401435044046078e-01,2.296832709100581071e-01,2.426746997846060058e-02,2.559184209685284525e-02,4.356310648568634258e-02
2.330000000000000000e+02,7.867775761782482835e-01,2.642120966869688781e-01,3.107120305322385104e-02,3.502243288347476474e-02,1.307245698608183564e-02
8.000000000000000000e+00,7.882691446940611746e-01,9.958024073972551737e-02,2.436923996768297629e-02,6.196812046467466834e-02,1.002077065460619809e-01
2.200000000000000000e+01,7.884716589549722876e-01,2.699351001343530676e-01,2.026764820746545792e-01,5.386515122231095611e-03,1.306493074301648925e-02
2.700000000000000000e+01,7.919575416151294345e-01,2.933994259706890761e-01,2.128656092380577514e-01,1.346551233593988855e-03,3.483726564995393710e-02
2.640000000000000000e+02,7.942758058209467009e-01,2.544829661795163234e-01,1.656376760585177854e-01,5.387083892720468704e-03,1.306768986216667004e-02
2.530000000000000000e+02,7.959317318714083100e-01,2.798549694095512352e-01,1.612584190735093237e-01,2.693438526594779756e-03,3.048793182984533418e-02
2.430000000000000000e+02,7.962422633941479422e-01,2.174741981617457631e-01,1.110839478835415617e-01,1.346848545455575120e-03,4.355930114997898922e-02
1.740000000000000000e+02,7.982971357769175214e-01,1.383059161432838025e-01,1.626337569423062235e-01,1.346939057724178424e-03,7.405526158073144627e-02
5.100000000000000000e+01,7.996199762189013516e-01,5.551309508378992480e-02,1.548124003798439785e-01,9.428120834034593029e-03,1.132533974252545456e-01
2.900000000000000000e+01,8.012068888202388273e-01,3.334604260173413826e-01,9.290519291148374714e-02,2.154895613120381623e-02,1.630451185765619478e-06
3.740000000000000000e+02,8.017513154344491078e-01,1.819915479174772366e-01,1.489769217361311682e-01,1.346732190389370075e-03,4.355440932688219718e-02
3.400000000000000000e+01,8.021170975802665026e-01,2.802364942451987528e-01,2.075263760881129044e-02,2.963152136863956426e-02,6.534020636610750332e-02
1.600000000000000000e+01,8.030909374116104171e-01,7.287287004909195898e-02,5.678160631143121945e-02,6.600381581884670612e-02,1.001979187662484089e-01
5.000000000000000000e+00,8.039133824579026699e-01,2.729873581363724822e-01,1.708133565045127089e-01,6.733208529592178346e-03,0.000000000000000000e+00
3.170000000000000000e+02,8.046325574690947890e-01,1.619610209350329511e-01,1.531387734515141374e-01,1.346719263305178136e-03,4.355386584320398297e-02
2.140000000000000000e+02,8.072226072946747655e-01,2.596336717178291398e-01,1.335000123398768224e-01,1.346732190389370075e-03,3.484370303843748601e-02
4.420000000000000000e+02,8.076211286181816940e-01,3.069438473875594764e-01,1.051149035900142970e-01,1.346745117738361265e-03,6.533192757837751052e-02
1.490000000000000000e+02,8.076648021165769853e-01,2.592521344693536345e-01,1.873626670957410645e-01,1.346615855447892435e-03,3.048458760353211366e-02
1.800000000000000000e+02,8.124339374027544913e-01,2.289201835202795132e-01,7.571858675702898556e-02,5.386980470969021141e-03,4.355495282108865635e-02
2.510000000000000000e+02,8.145378521237266467e-01,3.088515042736369454e-01,1.069208386306313291e-01,2.558938540579090010e-02,1.630451185765619478e-06
1.910000000000000000e+02,8.161502555843572759e-01,1.394504925891548730e-01,1.559277485931135632e-01,1.346809758206079545e-03,1.088917304441769512e-01
1.890000000000000000e+02,8.184766171087064501e-01,2.502860815749076151e-01,1.368276802924692226e-01,1.346848545455575120e-03,3.484784227334616902e-02
1.670000000000000000e+02,8.199653840204345068e-01,2.718427182210981230e-01,1.733768379537510562e-01,1.212012435143299503e-02,4.355562145137364255e-03
2.300000000000000000e+01,8.227710774239204161e-01,2.626859274381505571e-01,2.228883244181584233e-01,1.346473695574959767e-03,3.047999013082021424e-02
6.800000000000000000e+01,8.236415169214857945e-01,2.838610342835051759e-01,8.808267273973413580e-02,8.080858549205325106e-03,3.484646244895301531e-02
6.000000000000000000e+00,8.258246734413471346e-01,6.962982318217998678e-02,9.437008640331656650e-02,2.289796398140448927e-02,1.219715053015597989e-01
9.100000000000000000e+01,8.269114619715363101e-01,3.088514872053664817e-01,1.014076920465044468e-01,2.558938540579090010e-02,1.630451185765619478e-06
5.300000000000000000e+01,8.288408254530054142e-01,1.625332986925331069e-01,1.583651846778704950e-02,4.579592796279340072e-02,6.534321726789020512e-02
4.800000000000000000e+01,8.313854093252692756e-01,3.241128284428776984e-01,1.539173949536139785e-01,9.427306317371601102e-03,4.356565490083966208e-03
1.860000000000000000e+02,8.336167484899333902e-01,3.016023411599541570e-01,9.439487133636462191e-02,1.346745117738361265e-03,6.533192757837751052e-02
2.380000000000000000e+02,8.338236484956800254e-01,9.824484660999051322e-02,2.175010553293898474e-01,1.346835616112802923e-03,6.969288332016113086e-02
1.970000000000000000e+02,8.340365612733353640e-01,1.394504760421132472e-01,1.613515081063968681e-01,1.346835616112802923e-03,1.088940719419243391e-01
2.500000000000000000e+01,8.407976157310009802e-01,7.325438374505127692e-02,9.430915607490777952e-02,4.849306495821619628e-02,8.277374655815335214e-02
1.180000000000000000e+02,8.455037311867754646e-01,2.974054524341174788e-01,1.043258438212583405e-01,1.346809758206079545e-03,6.533569044698046835e-02
8.200000000000000000e+01,8.497092139255605359e-01,1.587179450164840910e-01,2.566522322119569807e-02,4.579285054536494370e-02,6.533794834151068764e-02
2.980000000000000000e+02,8.511980101075257155e-01,2.588705462473152585e-01,1.746920671774533640e-01,1.346628780553879665e-03,3.048500560369977672e-02
2.000000000000000000e+00,8.515052069165511828e-01,9.385719200877278012e-02,4.383927536762142335e-02,6.735535921188985642e-02,1.002055313376835760e-01
3.800000000000000000e+01,8.546780809145076985e-01,2.287293752097049326e-01,1.819024453856524781e-01,1.346628780553879665e-03,4.355006174922483597e-02
1.430000000000000000e+02,8.586086231102841859e-01,1.814192000860433696e-01,1.837511706532822253e-01,1.346693409853309212e-03,4.355277890702929228e-02
1.420000000000000000e+02,8.604705071472392719e-01,3.485309237723582254e-01,1.522208099753148969e-01,1.616202739343151895e-02,1.881325921027548899e-06
3.100000000000000000e+01,8.613644539383464860e-01,1.625332705023618818e-01,1.569655034097659080e-02,4.714196185431104857e-02,6.534171178805878166e-02
2.000000000000000000e+01,8.808542723827041954e-01,2.672642468499994428e-01,1.801536140638149153e-01,2.693180011920441510e-03,3.048375162717499240e-02
0.000000000000000000e+00,8.955571725438017383e-01,2.897747029794625617e-01,7.158675254233833052e-02,5.386980470969021141e-03,6.097653262692981357e-02
